ISO-10303-21;
HEADER;
/* Generated by software containing ST-Developer
 * from STEP Tools, Inc. (www.steptools.com) 
 */

FILE_DESCRIPTION(
/* description */ (''),
/* implementation_level */ '2;1');

FILE_NAME(
/* name */ 'Tesla A2 FAN2.step',
/* time_stamp */ '2026-09-30T20:55:25+03:00',
/* author */ (''),
/* organization */ (''),
/* preprocessor_version */ 'ST-DEVELOPER v20.2',
/* originating_system */ 'Autodesk Translation Framework v15.15.0.0',
/* authorisation */ '');

FILE_SCHEMA (('AUTOMOTIVE_DESIGN { 1 0 10303 214 3 1 1 }'));
ENDSEC;

DATA;
#10=MECHANICAL_DESIGN_GEOMETRIC_PRESENTATION_REPRESENTATION('',(#13),#2100);
#11=SHAPE_REPRESENTATION_RELATIONSHIP('SRR','None',#2107,#12);
#12=ADVANCED_BREP_SHAPE_REPRESENTATION('',(#14),#2099);
#13=STYLED_ITEM('',(#2116),#14);
#14=MANIFOLD_SOLID_BREP('Body2',#1010);
#15=FACE_BOUND('',#340,.T.);
#16=TOROIDAL_SURFACE('',#1057,10.3,10.);
#17=TOROIDAL_SURFACE('',#1065,1.7,0.3);
#18=TOROIDAL_SURFACE('',#1071,1.7,0.3);
#19=TOROIDAL_SURFACE('',#1077,1.7,0.3);
#20=TOROIDAL_SURFACE('',#1083,1.7,0.3);
#21=(
BOUNDED_CURVE()
B_SPLINE_CURVE(2,(#1777,#1778,#1779),.UNSPECIFIED.,.F.,.F.)
B_SPLINE_CURVE_WITH_KNOTS((3,3),(5.00981761097767,5.37408400526511),
 .UNSPECIFIED.)
CURVE()
GEOMETRIC_REPRESENTATION_ITEM()
RATIONAL_B_SPLINE_CURVE((1.1453377881583,1.10278392479062,1.05327346071744))
REPRESENTATION_ITEM('')
);
#22=(
BOUNDED_CURVE()
B_SPLINE_CURVE(2,(#1797,#1798,#1799),.UNSPECIFIED.,.F.,.F.)
B_SPLINE_CURVE_WITH_KNOTS((3,3),(0.251861613591326,1.11425836768534),
 .UNSPECIFIED.)
CURVE()
GEOMETRIC_REPRESENTATION_ITEM()
RATIONAL_B_SPLINE_CURVE((1.03919910042408,1.10074480904941,1.12418102152621))
REPRESENTATION_ITEM('')
);
#23=(
BOUNDED_CURVE()
B_SPLINE_CURVE(2,(#1846,#1847,#1848),.UNSPECIFIED.,.F.,.F.)
B_SPLINE_CURVE_WITH_KNOTS((3,3),(2.17495494481604,3.03735181040782),
 .UNSPECIFIED.)
CURVE()
GEOMETRIC_REPRESENTATION_ITEM()
RATIONAL_B_SPLINE_CURVE((1.12418101186018,1.10074480581624,1.03919909235276))
REPRESENTATION_ITEM('')
);
#24=(
BOUNDED_CURVE()
B_SPLINE_CURVE(2,(#1866,#1867,#1868),.UNSPECIFIED.,.F.,.F.)
B_SPLINE_CURVE_WITH_KNOTS((3,3),(0.189080839719186,0.553347228399765),
 .UNSPECIFIED.)
CURVE()
GEOMETRIC_REPRESENTATION_ITEM()
RATIONAL_B_SPLINE_CURVE((1.05327345169318,1.10278391534065,1.14533777834266))
REPRESENTATION_ITEM('')
);
#25=CONICAL_SURFACE('',#1040,13.,0.380506377112365);
#26=CONICAL_SURFACE('',#1041,13.,0.380506377112365);
#27=CONICAL_SURFACE('',#1093,0.950000387430192,0.785398163397449);
#28=CONICAL_SURFACE('',#1096,0.949999999999998,0.785398163397446);
#29=CONICAL_SURFACE('',#1099,0.950000000000004,0.785398163397469);
#30=CONICAL_SURFACE('',#1102,0.950000000000004,0.785398163397449);
#31=ELLIPSE('',#1039,2.42332416321054,0.900000000000005);
#32=ELLIPSE('',#1045,2.42332520639825,0.900000387430193);
#33=PLANE('',#1038);
#34=PLANE('',#1042);
#35=PLANE('',#1044);
#36=PLANE('',#1046);
#37=PLANE('',#1047);
#38=PLANE('',#1048);
#39=PLANE('',#1060);
#40=PLANE('',#1061);
#41=PLANE('',#1088);
#42=PLANE('',#1091);
#43=PLANE('',#1092);
#44=PLANE('',#1095);
#45=PLANE('',#1098);
#46=PLANE('',#1101);
#47=PLANE('',#1106);
#48=PLANE('',#1111);
#49=PLANE('',#1114);
#50=PLANE('',#1115);
#51=PLANE('',#1118);
#52=PLANE('',#1121);
#53=LINE('',#1480,#124);
#54=LINE('',#1481,#125);
#55=LINE('',#1584,#126);
#56=LINE('',#1600,#127);
#57=LINE('',#1603,#128);
#58=LINE('',#1743,#129);
#59=LINE('',#1745,#130);
#60=LINE('',#1748,#131);
#61=LINE('',#1766,#132);
#62=LINE('',#1775,#133);
#63=LINE('',#1837,#134);
#64=LINE('',#1844,#135);
#65=LINE('',#1886,#136);
#66=LINE('',#1911,#137);
#67=LINE('',#1913,#138);
#68=LINE('',#1915,#139);
#69=LINE('',#1916,#140);
#70=LINE('',#1921,#141);
#71=LINE('',#1924,#142);
#72=LINE('',#1926,#143);
#73=LINE('',#1927,#144);
#74=LINE('',#1930,#145);
#75=LINE('',#1932,#146);
#76=LINE('',#1933,#147);
#77=LINE('',#1936,#148);
#78=LINE('',#1938,#149);
#79=LINE('',#1939,#150);
#80=LINE('',#1954,#151);
#81=LINE('',#1956,#152);
#82=LINE('',#1958,#153);
#83=LINE('',#1959,#154);
#84=LINE('',#1961,#155);
#85=LINE('',#1962,#156);
#86=LINE('',#1968,#157);
#87=LINE('',#1971,#158);
#88=LINE('',#1982,#159);
#89=LINE('',#1983,#160);
#90=LINE('',#1994,#161);
#91=LINE('',#1995,#162);
#92=LINE('',#2006,#163);
#93=LINE('',#2007,#164);
#94=LINE('',#2013,#165);
#95=LINE('',#2016,#166);
#96=LINE('',#2019,#167);
#97=LINE('',#2020,#168);
#98=LINE('',#2023,#169);
#99=LINE('',#2027,#170);
#100=LINE('',#2028,#171);
#101=LINE('',#2032,#172);
#102=LINE('',#2036,#173);
#103=LINE('',#2037,#174);
#104=LINE('',#2040,#175);
#105=LINE('',#2044,#176);
#106=LINE('',#2045,#177);
#107=LINE('',#2048,#178);
#108=LINE('',#2052,#179);
#109=LINE('',#2053,#180);
#110=LINE('',#2058,#181);
#111=LINE('',#2061,#182);
#112=LINE('',#2064,#183);
#113=LINE('',#2065,#184);
#114=LINE('',#2070,#185);
#115=LINE('',#2074,#186);
#116=LINE('',#2075,#187);
#117=LINE('',#2078,#188);
#118=LINE('',#2081,#189);
#119=LINE('',#2084,#190);
#120=LINE('',#2085,#191);
#121=LINE('',#2089,#192);
#122=LINE('',#2092,#193);
#123=LINE('',#2093,#194);
#124=VECTOR('',#1136,10.);
#125=VECTOR('',#1137,10.);
#126=VECTOR('',#1142,10.);
#127=VECTOR('',#1147,10.);
#128=VECTOR('',#1150,10.);
#129=VECTOR('',#1159,10.);
#130=VECTOR('',#1160,10.);
#131=VECTOR('',#1163,10.);
#132=VECTOR('',#1164,10.);
#133=VECTOR('',#1167,10.);
#134=VECTOR('',#1168,10.);
#135=VECTOR('',#1171,10.);
#136=VECTOR('',#1172,10.);
#137=VECTOR('',#1175,10.);
#138=VECTOR('',#1176,10.);
#139=VECTOR('',#1177,10.);
#140=VECTOR('',#1178,10.);
#141=VECTOR('',#1185,10.);
#142=VECTOR('',#1188,10.);
#143=VECTOR('',#1189,10.);
#144=VECTOR('',#1190,10.);
#145=VECTOR('',#1193,10.);
#146=VECTOR('',#1194,10.);
#147=VECTOR('',#1195,10.);
#148=VECTOR('',#1198,10.);
#149=VECTOR('',#1199,10.);
#150=VECTOR('',#1200,10.);
#151=VECTOR('',#1225,10.);
#152=VECTOR('',#1226,10.);
#153=VECTOR('',#1227,10.);
#154=VECTOR('',#1228,10.);
#155=VECTOR('',#1231,10.);
#156=VECTOR('',#1232,10.);
#157=VECTOR('',#1237,10.);
#158=VECTOR('',#1240,10.);
#159=VECTOR('',#1253,10.);
#160=VECTOR('',#1254,10.);
#161=VECTOR('',#1267,10.);
#162=VECTOR('',#1268,10.);
#163=VECTOR('',#1281,10.);
#164=VECTOR('',#1282,10.);
#165=VECTOR('',#1291,10.);
#166=VECTOR('',#1294,10.);
#167=VECTOR('',#1297,10.);
#168=VECTOR('',#1298,10.);
#169=VECTOR('',#1301,10.);
#170=VECTOR('',#1306,10.);
#171=VECTOR('',#1307,10.);
#172=VECTOR('',#1312,10.);
#173=VECTOR('',#1317,10.);
#174=VECTOR('',#1318,10.);
#175=VECTOR('',#1321,10.);
#176=VECTOR('',#1326,10.);
#177=VECTOR('',#1327,10.);
#178=VECTOR('',#1330,10.);
#179=VECTOR('',#1335,10.);
#180=VECTOR('',#1336,10.);
#181=VECTOR('',#1343,10.);
#182=VECTOR('',#1346,10.);
#183=VECTOR('',#1349,10.);
#184=VECTOR('',#1350,10.);
#185=VECTOR('',#1357,10.);
#186=VECTOR('',#1362,10.);
#187=VECTOR('',#1363,10.);
#188=VECTOR('',#1366,10.);
#189=VECTOR('',#1371,10.);
#190=VECTOR('',#1374,10.);
#191=VECTOR('',#1375,10.);
#192=VECTOR('',#1380,10.);
#193=VECTOR('',#1383,10.);
#194=VECTOR('',#1384,10.);
#195=CYLINDRICAL_SURFACE('',#1028,86.);
#196=CYLINDRICAL_SURFACE('',#1032,86.);
#197=CYLINDRICAL_SURFACE('',#1049,0.900000000000005);
#198=CYLINDRICAL_SURFACE('',#1051,0.899999999999999);
#199=CYLINDRICAL_SURFACE('',#1053,0.900000387430193);
#200=CYLINDRICAL_SURFACE('',#1055,20.3);
#201=CYLINDRICAL_SURFACE('',#1058,0.900000000000003);
#202=CYLINDRICAL_SURFACE('',#1062,0.3);
#203=CYLINDRICAL_SURFACE('',#1069,0.3);
#204=CYLINDRICAL_SURFACE('',#1075,0.3);
#205=CYLINDRICAL_SURFACE('',#1081,0.3);
#206=CYLINDRICAL_SURFACE('',#1086,2.);
#207=CYLINDRICAL_SURFACE('',#1089,2.);
#208=CYLINDRICAL_SURFACE('',#1104,0.999999999999996);
#209=CYLINDRICAL_SURFACE('',#1107,1.00000038743019);
#210=CYLINDRICAL_SURFACE('',#1109,2.);
#211=CYLINDRICAL_SURFACE('',#1112,2.);
#212=CYLINDRICAL_SURFACE('',#1116,1.00000000000001);
#213=CYLINDRICAL_SURFACE('',#1119,1.);
#214=FACE_OUTER_BOUND('',#277,.T.);
#215=FACE_OUTER_BOUND('',#278,.T.);
#216=FACE_OUTER_BOUND('',#279,.T.);
#217=FACE_OUTER_BOUND('',#280,.T.);
#218=FACE_OUTER_BOUND('',#281,.T.);
#219=FACE_OUTER_BOUND('',#282,.T.);
#220=FACE_OUTER_BOUND('',#283,.T.);
#221=FACE_OUTER_BOUND('',#284,.T.);
#222=FACE_OUTER_BOUND('',#285,.T.);
#223=FACE_OUTER_BOUND('',#286,.T.);
#224=FACE_OUTER_BOUND('',#287,.T.);
#225=FACE_OUTER_BOUND('',#288,.T.);
#226=FACE_OUTER_BOUND('',#289,.T.);
#227=FACE_OUTER_BOUND('',#290,.T.);
#228=FACE_OUTER_BOUND('',#291,.T.);
#229=FACE_OUTER_BOUND('',#292,.T.);
#230=FACE_OUTER_BOUND('',#293,.T.);
#231=FACE_OUTER_BOUND('',#294,.T.);
#232=FACE_OUTER_BOUND('',#295,.T.);
#233=FACE_OUTER_BOUND('',#296,.T.);
#234=FACE_OUTER_BOUND('',#297,.T.);
#235=FACE_OUTER_BOUND('',#298,.T.);
#236=FACE_OUTER_BOUND('',#299,.T.);
#237=FACE_OUTER_BOUND('',#300,.T.);
#238=FACE_OUTER_BOUND('',#301,.T.);
#239=FACE_OUTER_BOUND('',#302,.T.);
#240=FACE_OUTER_BOUND('',#303,.T.);
#241=FACE_OUTER_BOUND('',#304,.T.);
#242=FACE_OUTER_BOUND('',#305,.T.);
#243=FACE_OUTER_BOUND('',#306,.T.);
#244=FACE_OUTER_BOUND('',#307,.T.);
#245=FACE_OUTER_BOUND('',#308,.T.);
#246=FACE_OUTER_BOUND('',#309,.T.);
#247=FACE_OUTER_BOUND('',#310,.T.);
#248=FACE_OUTER_BOUND('',#311,.T.);
#249=FACE_OUTER_BOUND('',#312,.T.);
#250=FACE_OUTER_BOUND('',#313,.T.);
#251=FACE_OUTER_BOUND('',#314,.T.);
#252=FACE_OUTER_BOUND('',#315,.T.);
#253=FACE_OUTER_BOUND('',#316,.T.);
#254=FACE_OUTER_BOUND('',#317,.T.);
#255=FACE_OUTER_BOUND('',#318,.T.);
#256=FACE_OUTER_BOUND('',#319,.T.);
#257=FACE_OUTER_BOUND('',#320,.T.);
#258=FACE_OUTER_BOUND('',#321,.T.);
#259=FACE_OUTER_BOUND('',#322,.T.);
#260=FACE_OUTER_BOUND('',#323,.T.);
#261=FACE_OUTER_BOUND('',#324,.T.);
#262=FACE_OUTER_BOUND('',#325,.T.);
#263=FACE_OUTER_BOUND('',#326,.T.);
#264=FACE_OUTER_BOUND('',#327,.T.);
#265=FACE_OUTER_BOUND('',#328,.T.);
#266=FACE_OUTER_BOUND('',#329,.T.);
#267=FACE_OUTER_BOUND('',#330,.T.);
#268=FACE_OUTER_BOUND('',#331,.T.);
#269=FACE_OUTER_BOUND('',#332,.T.);
#270=FACE_OUTER_BOUND('',#333,.T.);
#271=FACE_OUTER_BOUND('',#334,.T.);
#272=FACE_OUTER_BOUND('',#335,.T.);
#273=FACE_OUTER_BOUND('',#336,.T.);
#274=FACE_OUTER_BOUND('',#337,.T.);
#275=FACE_OUTER_BOUND('',#338,.T.);
#276=FACE_OUTER_BOUND('',#339,.T.);
#277=EDGE_LOOP('',(#642,#643,#644,#645));
#278=EDGE_LOOP('',(#646,#647,#648,#649));
#279=EDGE_LOOP('',(#650,#651,#652,#653));
#280=EDGE_LOOP('',(#654,#655,#656,#657));
#281=EDGE_LOOP('',(#658,#659,#660,#661));
#282=EDGE_LOOP('',(#662,#663,#664,#665));
#283=EDGE_LOOP('',(#666,#667,#668,#669));
#284=EDGE_LOOP('',(#670,#671,#672,#673));
#285=EDGE_LOOP('',(#674,#675,#676,#677));
#286=EDGE_LOOP('',(#678,#679,#680,#681));
#287=EDGE_LOOP('',(#682,#683,#684,#685));
#288=EDGE_LOOP('',(#686,#687,#688,#689,#690));
#289=EDGE_LOOP('',(#691,#692,#693,#694));
#290=EDGE_LOOP('',(#695,#696,#697,#698,#699,#700));
#291=EDGE_LOOP('',(#701,#702,#703));
#292=EDGE_LOOP('',(#704,#705,#706));
#293=EDGE_LOOP('',(#707,#708,#709,#710,#711,#712));
#294=EDGE_LOOP('',(#713,#714,#715,#716));
#295=EDGE_LOOP('',(#717,#718,#719,#720,#721,#722,#723,#724));
#296=EDGE_LOOP('',(#725,#726,#727,#728,#729));
#297=EDGE_LOOP('',(#730,#731,#732,#733,#734,#735,#736,#737,#738,#739));
#298=EDGE_LOOP('',(#740,#741,#742,#743,#744,#745));
#299=EDGE_LOOP('',(#746,#747,#748,#749,#750,#751));
#300=EDGE_LOOP('',(#752,#753,#754,#755));
#301=EDGE_LOOP('',(#756,#757,#758,#759));
#302=EDGE_LOOP('',(#760,#761,#762,#763));
#303=EDGE_LOOP('',(#764,#765,#766,#767));
#304=EDGE_LOOP('',(#768,#769,#770,#771,#772,#773,#774,#775,#776,#777));
#305=EDGE_LOOP('',(#778,#779,#780,#781));
#306=EDGE_LOOP('',(#782,#783,#784,#785));
#307=EDGE_LOOP('',(#786,#787,#788,#789));
#308=EDGE_LOOP('',(#790,#791,#792,#793));
#309=EDGE_LOOP('',(#794,#795,#796,#797));
#310=EDGE_LOOP('',(#798,#799,#800,#801));
#311=EDGE_LOOP('',(#802,#803,#804,#805));
#312=EDGE_LOOP('',(#806,#807,#808,#809));
#313=EDGE_LOOP('',(#810,#811,#812,#813));
#314=EDGE_LOOP('',(#814,#815,#816,#817));
#315=EDGE_LOOP('',(#818,#819,#820,#821));
#316=EDGE_LOOP('',(#822,#823,#824,#825));
#317=EDGE_LOOP('',(#826,#827,#828,#829));
#318=EDGE_LOOP('',(#830,#831,#832,#833));
#319=EDGE_LOOP('',(#834,#835,#836,#837));
#320=EDGE_LOOP('',(#838,#839,#840,#841,#842,#843,#844,#845));
#321=EDGE_LOOP('',(#846,#847,#848,#849));
#322=EDGE_LOOP('',(#850,#851,#852,#853));
#323=EDGE_LOOP('',(#854,#855,#856,#857));
#324=EDGE_LOOP('',(#858,#859,#860,#861));
#325=EDGE_LOOP('',(#862,#863,#864,#865));
#326=EDGE_LOOP('',(#866,#867,#868,#869));
#327=EDGE_LOOP('',(#870,#871,#872,#873));
#328=EDGE_LOOP('',(#874,#875,#876,#877));
#329=EDGE_LOOP('',(#878,#879,#880,#881));
#330=EDGE_LOOP('',(#882,#883,#884,#885));
#331=EDGE_LOOP('',(#886,#887,#888,#889));
#332=EDGE_LOOP('',(#890,#891,#892,#893));
#333=EDGE_LOOP('',(#894,#895,#896,#897));
#334=EDGE_LOOP('',(#898,#899,#900,#901));
#335=EDGE_LOOP('',(#902,#903,#904,#905));
#336=EDGE_LOOP('',(#906,#907,#908,#909));
#337=EDGE_LOOP('',(#910,#911,#912,#913));
#338=EDGE_LOOP('',(#914,#915,#916,#917));
#339=EDGE_LOOP('',(#918,#919,#920,#921,#922,#923,#924,#925));
#340=EDGE_LOOP('',(#926,#927,#928,#929,#930,#931,#932,#933));
#341=B_SPLINE_CURVE_WITH_KNOTS('',3,(#1412,#1413,#1414,#1415),
 .UNSPECIFIED.,.F.,.F.,(4,4),(6.29457010553222,7.68090928012369),
 .UNSPECIFIED.);
#342=B_SPLINE_CURVE_WITH_KNOTS('',3,(#1418,#1419,#1420,#1421),
 .UNSPECIFIED.,.F.,.F.,(4,4),(-7.68090928012369,-6.29457010553222),
 .UNSPECIFIED.);
#343=B_SPLINE_CURVE_WITH_KNOTS('',3,(#1441,#1442,#1443,#1444),
 .UNSPECIFIED.,.F.,.F.,(4,4),(-69.8914549821876,-64.8920243187696),
 .UNSPECIFIED.);
#344=B_SPLINE_CURVE_WITH_KNOTS('',3,(#1445,#1446,#1447,#1448),
 .UNSPECIFIED.,.F.,.F.,(4,4),(64.8920243187696,69.8914549821876),
 .UNSPECIFIED.);
#345=B_SPLINE_CURVE_WITH_KNOTS('',3,(#1468,#1469,#1470,#1471),
 .UNSPECIFIED.,.F.,.F.,(4,4),(-2.09636512925267,-5.38178340617665E-15),
 .UNSPECIFIED.);
#346=B_SPLINE_CURVE_WITH_KNOTS('',3,(#1472,#1473,#1474,#1475),
 .UNSPECIFIED.,.F.,.F.,(4,4),(5.38178340617665E-15,2.09636512925267),
 .UNSPECIFIED.);
#347=B_SPLINE_CURVE_WITH_KNOTS('',3,(#1515,#1516,#1517,#1518,#1519,#1520,
#1521,#1522),.UNSPECIFIED.,.F.,.F.,(4,1,1,1,1,4),(2.71329106547569,4.53406522730007,
6.35483938912445,7.72042001049274,8.17561355094883,9.08600063186102),
 .UNSPECIFIED.);
#348=B_SPLINE_CURVE_WITH_KNOTS('',3,(#1525,#1526,#1527,#1528,#1529,#1530,
#1531,#1532,#1533,#1534,#1535,#1536,#1537,#1538,#1539,#1540),
 .UNSPECIFIED.,.F.,.F.,(4,3,3,3,3,4),(2.50761198449361,2.7958928653541,
2.94003330578434,3.37245462707507,3.94901638879604,4.52557815051701),
 .UNSPECIFIED.);
#349=B_SPLINE_CURVE_WITH_KNOTS('',3,(#1585,#1586,#1587,#1588,#1589,#1590,
#1591,#1592,#1593,#1594),.UNSPECIFIED.,.F.,.F.,(4,1,1,1,1,1,1,4),(0.,0.295531368197238,
0.591062736394476,0.886594104591715,1.18212547278895,1.62542252508481,1.77318820918343,
2.06871957738067),.UNSPECIFIED.);
#350=B_SPLINE_CURVE_WITH_KNOTS('',3,(#1623,#1624,#1625,#1626),
 .UNSPECIFIED.,.F.,.F.,(4,4),(-2.096364573177,0.),.UNSPECIFIED.);
#351=B_SPLINE_CURVE_WITH_KNOTS('',3,(#1627,#1628,#1629,#1630),
 .UNSPECIFIED.,.F.,.F.,(4,4),(0.,2.096364573177),.UNSPECIFIED.);
#352=B_SPLINE_CURVE_WITH_KNOTS('',3,(#1650,#1651,#1652,#1653),
 .UNSPECIFIED.,.F.,.F.,(4,4),(-134.784319820946,-129.784891418684),
 .UNSPECIFIED.);
#353=B_SPLINE_CURVE_WITH_KNOTS('',3,(#1654,#1655,#1656,#1657),
 .UNSPECIFIED.,.F.,.F.,(4,4),(129.784891418684,134.784319820946),
 .UNSPECIFIED.);
#354=B_SPLINE_CURVE_WITH_KNOTS('',3,(#1677,#1678,#1679,#1680),
 .UNSPECIFIED.,.F.,.F.,(4,4),(-1.38631497429389,0.),.UNSPECIFIED.);
#355=B_SPLINE_CURVE_WITH_KNOTS('',3,(#1681,#1682,#1683,#1684),
 .UNSPECIFIED.,.F.,.F.,(4,4),(0.,1.38631497429389),.UNSPECIFIED.);
#356=B_SPLINE_CURVE_WITH_KNOTS('',3,(#1717,#1718,#1719,#1720,#1721,#1722,
#1723,#1724,#1725,#1726,#1727,#1728,#1729,#1730,#1731,#1732),
 .UNSPECIFIED.,.F.,.F.,(4,3,3,3,3,4),(0.620589901041751,1.43269824175808,
1.97410380223563,2.24480658247441,2.3801579725938,2.51550936271319),
 .UNSPECIFIED.);
#357=B_SPLINE_CURVE_WITH_KNOTS('',3,(#1733,#1734,#1735,#1736,#1737,#1738,
#1739,#1740),.UNSPECIFIED.,.F.,.F.,(4,1,1,1,1,4),(0.,0.45454544711617,0.909090894232341,
1.81818178846468,3.63636357692936,6.36363625962638),.UNSPECIFIED.);
#358=B_SPLINE_CURVE_WITH_KNOTS('',3,(#1767,#1768,#1769,#1770,#1771,#1772),
 .UNSPECIFIED.,.F.,.F.,(4,2,4),(0.,0.303183659364095,0.37559745274399),
 .UNSPECIFIED.);
#359=B_SPLINE_CURVE_WITH_KNOTS('',3,(#1781,#1782,#1783,#1784,#1785,#1786,
#1787,#1788,#1789,#1790,#1791,#1792,#1793,#1794,#1795,#1796),
 .UNSPECIFIED.,.F.,.F.,(4,2,2,2,2,2,2,4),(0.70906093201693,0.742481304602441,
0.758469143747762,0.774456982893083,0.790444822038404,0.806432661183726,
0.872718235163831,0.9022596109527),.UNSPECIFIED.);
#360=B_SPLINE_CURVE_WITH_KNOTS('',3,(#1816,#1817,#1818,#1819),
 .UNSPECIFIED.,.F.,.F.,(4,4),(4.52557815051701,5.33804421867623),
 .UNSPECIFIED.);
#361=B_SPLINE_CURVE_WITH_KNOTS('',3,(#1838,#1839,#1840,#1841),
 .UNSPECIFIED.,.F.,.F.,(4,4),(0.,0.620589901041751),.UNSPECIFIED.);
#362=B_SPLINE_CURVE_WITH_KNOTS('',3,(#1850,#1851,#1852,#1853,#1854,#1855,
#1856,#1857,#1858,#1859,#1860,#1861,#1862,#1863,#1864,#1865),
 .UNSPECIFIED.,.F.,.F.,(4,2,2,2,2,2,2,4),(0.646654354833455,0.676195730622331,
0.742481304602437,0.758469143747758,0.774456982893079,0.7904448220384,0.806432661183721,
0.839853034272278),.UNSPECIFIED.);
#363=B_SPLINE_CURVE_WITH_KNOTS('',3,(#1887,#1888,#1889,#1890,#1891,#1892,
#1893,#1894,#1895,#1896,#1897,#1898,#1899,#1900,#1901,#1902,#1903,#1904,
#1905,#1906,#1907,#1908),.UNSPECIFIED.,.F.,.F.,(4,3,3,3,3,3,3,4),(0.248945301306569,
0.268413270330777,0.336866564895723,0.405138502254297,0.439305721148641,
0.499373346999243,0.561347688549232,0.62332203009922),.UNSPECIFIED.);
#364=CIRCLE('',#1024,86.);
#365=CIRCLE('',#1025,86.);
#366=CIRCLE('',#1026,86.);
#367=CIRCLE('',#1027,86.);
#368=CIRCLE('',#1029,86.);
#369=CIRCLE('',#1030,86.);
#370=CIRCLE('',#1031,86.);
#371=CIRCLE('',#1033,86.);
#372=CIRCLE('',#1034,86.);
#373=CIRCLE('',#1035,86.);
#374=CIRCLE('',#1036,86.);
#375=CIRCLE('',#1037,86.);
#376=CIRCLE('',#1043,20.3);
#377=CIRCLE('',#1050,0.900000000000005);
#378=CIRCLE('',#1052,0.899999999999999);
#379=CIRCLE('',#1054,0.900000387430193);
#380=CIRCLE('',#1056,20.3);
#381=CIRCLE('',#1059,0.900000000000003);
#382=CIRCLE('',#1063,0.299999999999998);
#383=CIRCLE('',#1064,0.299999999999994);
#384=CIRCLE('',#1066,0.299999999999994);
#385=CIRCLE('',#1067,2.);
#386=CIRCLE('',#1068,1.7);
#387=CIRCLE('',#1070,0.299999999999994);
#388=CIRCLE('',#1072,0.299999999999994);
#389=CIRCLE('',#1073,2.);
#390=CIRCLE('',#1074,1.7);
#391=CIRCLE('',#1076,0.299999999999994);
#392=CIRCLE('',#1078,0.299999999999994);
#393=CIRCLE('',#1079,2.);
#394=CIRCLE('',#1080,1.7);
#395=CIRCLE('',#1082,0.299999999999994);
#396=CIRCLE('',#1084,2.);
#397=CIRCLE('',#1085,1.7);
#398=CIRCLE('',#1087,2.);
#399=CIRCLE('',#1090,2.);
#400=CIRCLE('',#1094,1.00000038743019);
#401=CIRCLE('',#1097,0.999999999999996);
#402=CIRCLE('',#1100,1.00000000000001);
#403=CIRCLE('',#1103,1.);
#404=CIRCLE('',#1105,1.);
#405=CIRCLE('',#1108,1.00000038743019);
#406=CIRCLE('',#1110,2.);
#407=CIRCLE('',#1113,2.);
#408=CIRCLE('',#1117,1.);
#409=CIRCLE('',#1120,1.);
#410=VERTEX_POINT('',#1408);
#411=VERTEX_POINT('',#1409);
#412=VERTEX_POINT('',#1411);
#413=VERTEX_POINT('',#1416);
#414=VERTEX_POINT('',#1438);
#415=VERTEX_POINT('',#1439);
#416=VERTEX_POINT('',#1465);
#417=VERTEX_POINT('',#1466);
#418=VERTEX_POINT('',#1477);
#419=VERTEX_POINT('',#1478);
#420=VERTEX_POINT('',#1514);
#421=VERTEX_POINT('',#1523);
#422=VERTEX_POINT('',#1581);
#423=VERTEX_POINT('',#1582);
#424=VERTEX_POINT('',#1596);
#425=VERTEX_POINT('',#1597);
#426=VERTEX_POINT('',#1599);
#427=VERTEX_POINT('',#1601);
#428=VERTEX_POINT('',#1620);
#429=VERTEX_POINT('',#1621);
#430=VERTEX_POINT('',#1647);
#431=VERTEX_POINT('',#1648);
#432=VERTEX_POINT('',#1674);
#433=VERTEX_POINT('',#1675);
#434=VERTEX_POINT('',#1742);
#435=VERTEX_POINT('',#1744);
#436=VERTEX_POINT('',#1746);
#437=VERTEX_POINT('',#1765);
#438=VERTEX_POINT('',#1774);
#439=VERTEX_POINT('',#1776);
#440=VERTEX_POINT('',#1780);
#441=VERTEX_POINT('',#1836);
#442=VERTEX_POINT('',#1843);
#443=VERTEX_POINT('',#1845);
#444=VERTEX_POINT('',#1849);
#445=VERTEX_POINT('',#1885);
#446=VERTEX_POINT('',#1910);
#447=VERTEX_POINT('',#1912);
#448=VERTEX_POINT('',#1914);
#449=VERTEX_POINT('',#1919);
#450=VERTEX_POINT('',#1923);
#451=VERTEX_POINT('',#1925);
#452=VERTEX_POINT('',#1929);
#453=VERTEX_POINT('',#1931);
#454=VERTEX_POINT('',#1935);
#455=VERTEX_POINT('',#1937);
#456=VERTEX_POINT('',#1952);
#457=VERTEX_POINT('',#1953);
#458=VERTEX_POINT('',#1955);
#459=VERTEX_POINT('',#1957);
#460=VERTEX_POINT('',#1964);
#461=VERTEX_POINT('',#1965);
#462=VERTEX_POINT('',#1967);
#463=VERTEX_POINT('',#1969);
#464=VERTEX_POINT('',#1973);
#465=VERTEX_POINT('',#1974);
#466=VERTEX_POINT('',#1979);
#467=VERTEX_POINT('',#1980);
#468=VERTEX_POINT('',#1985);
#469=VERTEX_POINT('',#1986);
#470=VERTEX_POINT('',#1991);
#471=VERTEX_POINT('',#1992);
#472=VERTEX_POINT('',#1997);
#473=VERTEX_POINT('',#1998);
#474=VERTEX_POINT('',#2003);
#475=VERTEX_POINT('',#2004);
#476=VERTEX_POINT('',#2012);
#477=VERTEX_POINT('',#2014);
#478=VERTEX_POINT('',#2018);
#479=VERTEX_POINT('',#2022);
#480=VERTEX_POINT('',#2026);
#481=VERTEX_POINT('',#2031);
#482=VERTEX_POINT('',#2035);
#483=VERTEX_POINT('',#2039);
#484=VERTEX_POINT('',#2043);
#485=VERTEX_POINT('',#2047);
#486=VERTEX_POINT('',#2051);
#487=VERTEX_POINT('',#2057);
#488=VERTEX_POINT('',#2059);
#489=VERTEX_POINT('',#2063);
#490=VERTEX_POINT('',#2069);
#491=VERTEX_POINT('',#2073);
#492=VERTEX_POINT('',#2077);
#493=VERTEX_POINT('',#2083);
#494=VERTEX_POINT('',#2087);
#495=VERTEX_POINT('',#2091);
#496=EDGE_CURVE('',#410,#411,#364,.T.);
#497=EDGE_CURVE('',#411,#412,#341,.T.);
#498=EDGE_CURVE('',#412,#413,#365,.T.);
#499=EDGE_CURVE('',#413,#410,#342,.T.);
#500=EDGE_CURVE('',#414,#415,#366,.T.);
#501=EDGE_CURVE('',#415,#413,#343,.T.);
#502=EDGE_CURVE('',#412,#414,#344,.T.);
#503=EDGE_CURVE('',#416,#417,#367,.T.);
#504=EDGE_CURVE('',#417,#415,#345,.T.);
#505=EDGE_CURVE('',#414,#416,#346,.T.);
#506=EDGE_CURVE('',#418,#419,#368,.T.);
#507=EDGE_CURVE('',#419,#417,#53,.T.);
#508=EDGE_CURVE('',#416,#418,#54,.T.);
#509=EDGE_CURVE('',#410,#420,#347,.T.);
#510=EDGE_CURVE('',#420,#421,#369,.T.);
#511=EDGE_CURVE('',#421,#411,#348,.T.);
#512=EDGE_CURVE('',#422,#423,#370,.T.);
#513=EDGE_CURVE('',#423,#421,#55,.T.);
#514=EDGE_CURVE('',#420,#422,#349,.T.);
#515=EDGE_CURVE('',#424,#425,#371,.T.);
#516=EDGE_CURVE('',#425,#426,#56,.T.);
#517=EDGE_CURVE('',#426,#427,#372,.T.);
#518=EDGE_CURVE('',#427,#424,#57,.T.);
#519=EDGE_CURVE('',#428,#429,#373,.T.);
#520=EDGE_CURVE('',#429,#427,#350,.T.);
#521=EDGE_CURVE('',#426,#428,#351,.T.);
#522=EDGE_CURVE('',#430,#431,#374,.T.);
#523=EDGE_CURVE('',#431,#429,#352,.T.);
#524=EDGE_CURVE('',#428,#430,#353,.T.);
#525=EDGE_CURVE('',#432,#433,#375,.T.);
#526=EDGE_CURVE('',#433,#431,#354,.T.);
#527=EDGE_CURVE('',#430,#432,#355,.T.);
#528=EDGE_CURVE('',#432,#423,#356,.T.);
#529=EDGE_CURVE('',#422,#433,#357,.T.);
#530=EDGE_CURVE('',#434,#416,#58,.T.);
#531=EDGE_CURVE('',#434,#435,#59,.T.);
#532=EDGE_CURVE('',#435,#436,#31,.T.);
#533=EDGE_CURVE('',#436,#418,#60,.T.);
#534=EDGE_CURVE('',#437,#414,#61,.T.);
#535=EDGE_CURVE('',#437,#434,#358,.T.);
#536=EDGE_CURVE('',#412,#438,#62,.T.);
#537=EDGE_CURVE('',#438,#439,#21,.T.);
#538=EDGE_CURVE('',#440,#439,#359,.T.);
#539=EDGE_CURVE('',#440,#437,#22,.T.);
#540=EDGE_CURVE('',#411,#438,#360,.T.);
#541=EDGE_CURVE('',#441,#430,#63,.T.);
#542=EDGE_CURVE('',#441,#432,#361,.T.);
#543=EDGE_CURVE('',#428,#442,#64,.T.);
#544=EDGE_CURVE('',#442,#443,#23,.T.);
#545=EDGE_CURVE('',#444,#443,#362,.T.);
#546=EDGE_CURVE('',#444,#441,#24,.T.);
#547=EDGE_CURVE('',#426,#445,#65,.T.);
#548=EDGE_CURVE('',#445,#442,#363,.T.);
#549=EDGE_CURVE('',#446,#436,#66,.T.);
#550=EDGE_CURVE('',#447,#446,#67,.T.);
#551=EDGE_CURVE('',#447,#448,#68,.T.);
#552=EDGE_CURVE('',#425,#448,#69,.T.);
#553=EDGE_CURVE('',#424,#419,#376,.T.);
#554=EDGE_CURVE('',#448,#449,#32,.T.);
#555=EDGE_CURVE('',#449,#445,#70,.T.);
#556=EDGE_CURVE('',#450,#444,#71,.T.);
#557=EDGE_CURVE('',#451,#450,#72,.T.);
#558=EDGE_CURVE('',#451,#439,#73,.T.);
#559=EDGE_CURVE('',#452,#449,#74,.T.);
#560=EDGE_CURVE('',#453,#452,#75,.T.);
#561=EDGE_CURVE('',#453,#443,#76,.T.);
#562=EDGE_CURVE('',#454,#440,#77,.T.);
#563=EDGE_CURVE('',#455,#454,#78,.T.);
#564=EDGE_CURVE('',#455,#435,#79,.T.);
#565=EDGE_CURVE('',#446,#455,#377,.T.);
#566=EDGE_CURVE('',#450,#453,#378,.T.);
#567=EDGE_CURVE('',#452,#447,#379,.T.);
#568=EDGE_CURVE('',#417,#427,#380,.T.);
#569=EDGE_CURVE('',#454,#451,#381,.T.);
#570=EDGE_CURVE('',#456,#457,#80,.T.);
#571=EDGE_CURVE('',#458,#456,#81,.T.);
#572=EDGE_CURVE('',#458,#459,#82,.T.);
#573=EDGE_CURVE('',#459,#457,#83,.T.);
#574=EDGE_CURVE('',#457,#447,#84,.T.);
#575=EDGE_CURVE('',#446,#456,#85,.T.);
#576=EDGE_CURVE('',#460,#461,#382,.T.);
#577=EDGE_CURVE('',#461,#462,#86,.T.);
#578=EDGE_CURVE('',#462,#463,#383,.T.);
#579=EDGE_CURVE('',#463,#460,#87,.T.);
#580=EDGE_CURVE('',#464,#465,#384,.T.);
#581=EDGE_CURVE('',#465,#463,#385,.T.);
#582=EDGE_CURVE('',#462,#464,#386,.T.);
#583=EDGE_CURVE('',#466,#467,#387,.T.);
#584=EDGE_CURVE('',#467,#465,#88,.T.);
#585=EDGE_CURVE('',#464,#466,#89,.T.);
#586=EDGE_CURVE('',#468,#469,#388,.T.);
#587=EDGE_CURVE('',#469,#467,#389,.T.);
#588=EDGE_CURVE('',#466,#468,#390,.T.);
#589=EDGE_CURVE('',#470,#471,#391,.T.);
#590=EDGE_CURVE('',#471,#469,#90,.T.);
#591=EDGE_CURVE('',#468,#470,#91,.T.);
#592=EDGE_CURVE('',#472,#473,#392,.T.);
#593=EDGE_CURVE('',#473,#471,#393,.T.);
#594=EDGE_CURVE('',#470,#472,#394,.T.);
#595=EDGE_CURVE('',#474,#475,#395,.T.);
#596=EDGE_CURVE('',#475,#473,#92,.T.);
#597=EDGE_CURVE('',#472,#474,#93,.T.);
#598=EDGE_CURVE('',#460,#475,#396,.T.);
#599=EDGE_CURVE('',#474,#461,#397,.T.);
#600=EDGE_CURVE('',#476,#473,#94,.T.);
#601=EDGE_CURVE('',#476,#477,#398,.T.);
#602=EDGE_CURVE('',#477,#471,#95,.T.);
#603=EDGE_CURVE('',#478,#475,#96,.T.);
#604=EDGE_CURVE('',#478,#476,#97,.T.);
#605=EDGE_CURVE('',#479,#460,#98,.T.);
#606=EDGE_CURVE('',#479,#478,#399,.T.);
#607=EDGE_CURVE('',#480,#463,#99,.T.);
#608=EDGE_CURVE('',#480,#479,#100,.T.);
#609=EDGE_CURVE('',#481,#452,#101,.T.);
#610=EDGE_CURVE('',#457,#481,#400,.T.);
#611=EDGE_CURVE('',#482,#453,#102,.T.);
#612=EDGE_CURVE('',#481,#482,#103,.T.);
#613=EDGE_CURVE('',#483,#450,#104,.T.);
#614=EDGE_CURVE('',#482,#483,#401,.T.);
#615=EDGE_CURVE('',#484,#451,#105,.T.);
#616=EDGE_CURVE('',#483,#484,#106,.T.);
#617=EDGE_CURVE('',#485,#454,#107,.T.);
#618=EDGE_CURVE('',#484,#485,#402,.T.);
#619=EDGE_CURVE('',#486,#455,#108,.T.);
#620=EDGE_CURVE('',#485,#486,#109,.T.);
#621=EDGE_CURVE('',#486,#456,#403,.T.);
#622=EDGE_CURVE('',#487,#482,#110,.T.);
#623=EDGE_CURVE('',#487,#488,#404,.T.);
#624=EDGE_CURVE('',#488,#483,#111,.T.);
#625=EDGE_CURVE('',#489,#481,#112,.T.);
#626=EDGE_CURVE('',#489,#487,#113,.T.);
#627=EDGE_CURVE('',#459,#489,#405,.T.);
#628=EDGE_CURVE('',#490,#465,#114,.T.);
#629=EDGE_CURVE('',#490,#480,#406,.T.);
#630=EDGE_CURVE('',#491,#467,#115,.T.);
#631=EDGE_CURVE('',#491,#490,#116,.T.);
#632=EDGE_CURVE('',#492,#469,#117,.T.);
#633=EDGE_CURVE('',#492,#491,#407,.T.);
#634=EDGE_CURVE('',#477,#492,#118,.T.);
#635=EDGE_CURVE('',#488,#493,#119,.T.);
#636=EDGE_CURVE('',#493,#484,#120,.T.);
#637=EDGE_CURVE('',#493,#494,#408,.T.);
#638=EDGE_CURVE('',#494,#485,#121,.T.);
#639=EDGE_CURVE('',#494,#495,#122,.T.);
#640=EDGE_CURVE('',#495,#486,#123,.T.);
#641=EDGE_CURVE('',#495,#458,#409,.T.);
#642=ORIENTED_EDGE('',*,*,#496,.T.);
#643=ORIENTED_EDGE('',*,*,#497,.T.);
#644=ORIENTED_EDGE('',*,*,#498,.T.);
#645=ORIENTED_EDGE('',*,*,#499,.T.);
#646=ORIENTED_EDGE('',*,*,#500,.T.);
#647=ORIENTED_EDGE('',*,*,#501,.T.);
#648=ORIENTED_EDGE('',*,*,#498,.F.);
#649=ORIENTED_EDGE('',*,*,#502,.T.);
#650=ORIENTED_EDGE('',*,*,#503,.T.);
#651=ORIENTED_EDGE('',*,*,#504,.T.);
#652=ORIENTED_EDGE('',*,*,#500,.F.);
#653=ORIENTED_EDGE('',*,*,#505,.T.);
#654=ORIENTED_EDGE('',*,*,#506,.T.);
#655=ORIENTED_EDGE('',*,*,#507,.T.);
#656=ORIENTED_EDGE('',*,*,#503,.F.);
#657=ORIENTED_EDGE('',*,*,#508,.T.);
#658=ORIENTED_EDGE('',*,*,#496,.F.);
#659=ORIENTED_EDGE('',*,*,#509,.T.);
#660=ORIENTED_EDGE('',*,*,#510,.T.);
#661=ORIENTED_EDGE('',*,*,#511,.T.);
#662=ORIENTED_EDGE('',*,*,#512,.T.);
#663=ORIENTED_EDGE('',*,*,#513,.T.);
#664=ORIENTED_EDGE('',*,*,#510,.F.);
#665=ORIENTED_EDGE('',*,*,#514,.T.);
#666=ORIENTED_EDGE('',*,*,#515,.T.);
#667=ORIENTED_EDGE('',*,*,#516,.T.);
#668=ORIENTED_EDGE('',*,*,#517,.T.);
#669=ORIENTED_EDGE('',*,*,#518,.T.);
#670=ORIENTED_EDGE('',*,*,#519,.T.);
#671=ORIENTED_EDGE('',*,*,#520,.T.);
#672=ORIENTED_EDGE('',*,*,#517,.F.);
#673=ORIENTED_EDGE('',*,*,#521,.T.);
#674=ORIENTED_EDGE('',*,*,#522,.T.);
#675=ORIENTED_EDGE('',*,*,#523,.T.);
#676=ORIENTED_EDGE('',*,*,#519,.F.);
#677=ORIENTED_EDGE('',*,*,#524,.T.);
#678=ORIENTED_EDGE('',*,*,#525,.T.);
#679=ORIENTED_EDGE('',*,*,#526,.T.);
#680=ORIENTED_EDGE('',*,*,#522,.F.);
#681=ORIENTED_EDGE('',*,*,#527,.T.);
#682=ORIENTED_EDGE('',*,*,#525,.F.);
#683=ORIENTED_EDGE('',*,*,#528,.T.);
#684=ORIENTED_EDGE('',*,*,#512,.F.);
#685=ORIENTED_EDGE('',*,*,#529,.T.);
#686=ORIENTED_EDGE('',*,*,#508,.F.);
#687=ORIENTED_EDGE('',*,*,#530,.F.);
#688=ORIENTED_EDGE('',*,*,#531,.T.);
#689=ORIENTED_EDGE('',*,*,#532,.T.);
#690=ORIENTED_EDGE('',*,*,#533,.T.);
#691=ORIENTED_EDGE('',*,*,#505,.F.);
#692=ORIENTED_EDGE('',*,*,#534,.F.);
#693=ORIENTED_EDGE('',*,*,#535,.T.);
#694=ORIENTED_EDGE('',*,*,#530,.T.);
#695=ORIENTED_EDGE('',*,*,#502,.F.);
#696=ORIENTED_EDGE('',*,*,#536,.T.);
#697=ORIENTED_EDGE('',*,*,#537,.T.);
#698=ORIENTED_EDGE('',*,*,#538,.F.);
#699=ORIENTED_EDGE('',*,*,#539,.T.);
#700=ORIENTED_EDGE('',*,*,#534,.T.);
#701=ORIENTED_EDGE('',*,*,#497,.F.);
#702=ORIENTED_EDGE('',*,*,#540,.T.);
#703=ORIENTED_EDGE('',*,*,#536,.F.);
#704=ORIENTED_EDGE('',*,*,#527,.F.);
#705=ORIENTED_EDGE('',*,*,#541,.F.);
#706=ORIENTED_EDGE('',*,*,#542,.T.);
#707=ORIENTED_EDGE('',*,*,#524,.F.);
#708=ORIENTED_EDGE('',*,*,#543,.T.);
#709=ORIENTED_EDGE('',*,*,#544,.T.);
#710=ORIENTED_EDGE('',*,*,#545,.F.);
#711=ORIENTED_EDGE('',*,*,#546,.T.);
#712=ORIENTED_EDGE('',*,*,#541,.T.);
#713=ORIENTED_EDGE('',*,*,#521,.F.);
#714=ORIENTED_EDGE('',*,*,#547,.T.);
#715=ORIENTED_EDGE('',*,*,#548,.T.);
#716=ORIENTED_EDGE('',*,*,#543,.F.);
#717=ORIENTED_EDGE('',*,*,#506,.F.);
#718=ORIENTED_EDGE('',*,*,#533,.F.);
#719=ORIENTED_EDGE('',*,*,#549,.F.);
#720=ORIENTED_EDGE('',*,*,#550,.F.);
#721=ORIENTED_EDGE('',*,*,#551,.T.);
#722=ORIENTED_EDGE('',*,*,#552,.F.);
#723=ORIENTED_EDGE('',*,*,#515,.F.);
#724=ORIENTED_EDGE('',*,*,#553,.T.);
#725=ORIENTED_EDGE('',*,*,#516,.F.);
#726=ORIENTED_EDGE('',*,*,#552,.T.);
#727=ORIENTED_EDGE('',*,*,#554,.T.);
#728=ORIENTED_EDGE('',*,*,#555,.T.);
#729=ORIENTED_EDGE('',*,*,#547,.F.);
#730=ORIENTED_EDGE('',*,*,#546,.F.);
#731=ORIENTED_EDGE('',*,*,#556,.F.);
#732=ORIENTED_EDGE('',*,*,#557,.F.);
#733=ORIENTED_EDGE('',*,*,#558,.T.);
#734=ORIENTED_EDGE('',*,*,#537,.F.);
#735=ORIENTED_EDGE('',*,*,#540,.F.);
#736=ORIENTED_EDGE('',*,*,#511,.F.);
#737=ORIENTED_EDGE('',*,*,#513,.F.);
#738=ORIENTED_EDGE('',*,*,#528,.F.);
#739=ORIENTED_EDGE('',*,*,#542,.F.);
#740=ORIENTED_EDGE('',*,*,#544,.F.);
#741=ORIENTED_EDGE('',*,*,#548,.F.);
#742=ORIENTED_EDGE('',*,*,#555,.F.);
#743=ORIENTED_EDGE('',*,*,#559,.F.);
#744=ORIENTED_EDGE('',*,*,#560,.F.);
#745=ORIENTED_EDGE('',*,*,#561,.T.);
#746=ORIENTED_EDGE('',*,*,#539,.F.);
#747=ORIENTED_EDGE('',*,*,#562,.F.);
#748=ORIENTED_EDGE('',*,*,#563,.F.);
#749=ORIENTED_EDGE('',*,*,#564,.T.);
#750=ORIENTED_EDGE('',*,*,#531,.F.);
#751=ORIENTED_EDGE('',*,*,#535,.F.);
#752=ORIENTED_EDGE('',*,*,#532,.F.);
#753=ORIENTED_EDGE('',*,*,#564,.F.);
#754=ORIENTED_EDGE('',*,*,#565,.F.);
#755=ORIENTED_EDGE('',*,*,#549,.T.);
#756=ORIENTED_EDGE('',*,*,#545,.T.);
#757=ORIENTED_EDGE('',*,*,#561,.F.);
#758=ORIENTED_EDGE('',*,*,#566,.F.);
#759=ORIENTED_EDGE('',*,*,#556,.T.);
#760=ORIENTED_EDGE('',*,*,#554,.F.);
#761=ORIENTED_EDGE('',*,*,#551,.F.);
#762=ORIENTED_EDGE('',*,*,#567,.F.);
#763=ORIENTED_EDGE('',*,*,#559,.T.);
#764=ORIENTED_EDGE('',*,*,#507,.F.);
#765=ORIENTED_EDGE('',*,*,#553,.F.);
#766=ORIENTED_EDGE('',*,*,#518,.F.);
#767=ORIENTED_EDGE('',*,*,#568,.F.);
#768=ORIENTED_EDGE('',*,*,#504,.F.);
#769=ORIENTED_EDGE('',*,*,#568,.T.);
#770=ORIENTED_EDGE('',*,*,#520,.F.);
#771=ORIENTED_EDGE('',*,*,#523,.F.);
#772=ORIENTED_EDGE('',*,*,#526,.F.);
#773=ORIENTED_EDGE('',*,*,#529,.F.);
#774=ORIENTED_EDGE('',*,*,#514,.F.);
#775=ORIENTED_EDGE('',*,*,#509,.F.);
#776=ORIENTED_EDGE('',*,*,#499,.F.);
#777=ORIENTED_EDGE('',*,*,#501,.F.);
#778=ORIENTED_EDGE('',*,*,#538,.T.);
#779=ORIENTED_EDGE('',*,*,#558,.F.);
#780=ORIENTED_EDGE('',*,*,#569,.F.);
#781=ORIENTED_EDGE('',*,*,#562,.T.);
#782=ORIENTED_EDGE('',*,*,#570,.F.);
#783=ORIENTED_EDGE('',*,*,#571,.F.);
#784=ORIENTED_EDGE('',*,*,#572,.T.);
#785=ORIENTED_EDGE('',*,*,#573,.T.);
#786=ORIENTED_EDGE('',*,*,#570,.T.);
#787=ORIENTED_EDGE('',*,*,#574,.T.);
#788=ORIENTED_EDGE('',*,*,#550,.T.);
#789=ORIENTED_EDGE('',*,*,#575,.T.);
#790=ORIENTED_EDGE('',*,*,#576,.T.);
#791=ORIENTED_EDGE('',*,*,#577,.T.);
#792=ORIENTED_EDGE('',*,*,#578,.T.);
#793=ORIENTED_EDGE('',*,*,#579,.T.);
#794=ORIENTED_EDGE('',*,*,#580,.T.);
#795=ORIENTED_EDGE('',*,*,#581,.T.);
#796=ORIENTED_EDGE('',*,*,#578,.F.);
#797=ORIENTED_EDGE('',*,*,#582,.T.);
#798=ORIENTED_EDGE('',*,*,#583,.T.);
#799=ORIENTED_EDGE('',*,*,#584,.T.);
#800=ORIENTED_EDGE('',*,*,#580,.F.);
#801=ORIENTED_EDGE('',*,*,#585,.T.);
#802=ORIENTED_EDGE('',*,*,#586,.T.);
#803=ORIENTED_EDGE('',*,*,#587,.T.);
#804=ORIENTED_EDGE('',*,*,#583,.F.);
#805=ORIENTED_EDGE('',*,*,#588,.T.);
#806=ORIENTED_EDGE('',*,*,#589,.T.);
#807=ORIENTED_EDGE('',*,*,#590,.T.);
#808=ORIENTED_EDGE('',*,*,#586,.F.);
#809=ORIENTED_EDGE('',*,*,#591,.T.);
#810=ORIENTED_EDGE('',*,*,#592,.T.);
#811=ORIENTED_EDGE('',*,*,#593,.T.);
#812=ORIENTED_EDGE('',*,*,#589,.F.);
#813=ORIENTED_EDGE('',*,*,#594,.T.);
#814=ORIENTED_EDGE('',*,*,#595,.T.);
#815=ORIENTED_EDGE('',*,*,#596,.T.);
#816=ORIENTED_EDGE('',*,*,#592,.F.);
#817=ORIENTED_EDGE('',*,*,#597,.T.);
#818=ORIENTED_EDGE('',*,*,#576,.F.);
#819=ORIENTED_EDGE('',*,*,#598,.T.);
#820=ORIENTED_EDGE('',*,*,#595,.F.);
#821=ORIENTED_EDGE('',*,*,#599,.T.);
#822=ORIENTED_EDGE('',*,*,#593,.F.);
#823=ORIENTED_EDGE('',*,*,#600,.F.);
#824=ORIENTED_EDGE('',*,*,#601,.T.);
#825=ORIENTED_EDGE('',*,*,#602,.T.);
#826=ORIENTED_EDGE('',*,*,#596,.F.);
#827=ORIENTED_EDGE('',*,*,#603,.F.);
#828=ORIENTED_EDGE('',*,*,#604,.T.);
#829=ORIENTED_EDGE('',*,*,#600,.T.);
#830=ORIENTED_EDGE('',*,*,#598,.F.);
#831=ORIENTED_EDGE('',*,*,#605,.F.);
#832=ORIENTED_EDGE('',*,*,#606,.T.);
#833=ORIENTED_EDGE('',*,*,#603,.T.);
#834=ORIENTED_EDGE('',*,*,#579,.F.);
#835=ORIENTED_EDGE('',*,*,#607,.F.);
#836=ORIENTED_EDGE('',*,*,#608,.T.);
#837=ORIENTED_EDGE('',*,*,#605,.T.);
#838=ORIENTED_EDGE('',*,*,#577,.F.);
#839=ORIENTED_EDGE('',*,*,#599,.F.);
#840=ORIENTED_EDGE('',*,*,#597,.F.);
#841=ORIENTED_EDGE('',*,*,#594,.F.);
#842=ORIENTED_EDGE('',*,*,#591,.F.);
#843=ORIENTED_EDGE('',*,*,#588,.F.);
#844=ORIENTED_EDGE('',*,*,#585,.F.);
#845=ORIENTED_EDGE('',*,*,#582,.F.);
#846=ORIENTED_EDGE('',*,*,#609,.T.);
#847=ORIENTED_EDGE('',*,*,#567,.T.);
#848=ORIENTED_EDGE('',*,*,#574,.F.);
#849=ORIENTED_EDGE('',*,*,#610,.T.);
#850=ORIENTED_EDGE('',*,*,#611,.T.);
#851=ORIENTED_EDGE('',*,*,#560,.T.);
#852=ORIENTED_EDGE('',*,*,#609,.F.);
#853=ORIENTED_EDGE('',*,*,#612,.T.);
#854=ORIENTED_EDGE('',*,*,#613,.T.);
#855=ORIENTED_EDGE('',*,*,#566,.T.);
#856=ORIENTED_EDGE('',*,*,#611,.F.);
#857=ORIENTED_EDGE('',*,*,#614,.T.);
#858=ORIENTED_EDGE('',*,*,#615,.T.);
#859=ORIENTED_EDGE('',*,*,#557,.T.);
#860=ORIENTED_EDGE('',*,*,#613,.F.);
#861=ORIENTED_EDGE('',*,*,#616,.T.);
#862=ORIENTED_EDGE('',*,*,#617,.T.);
#863=ORIENTED_EDGE('',*,*,#569,.T.);
#864=ORIENTED_EDGE('',*,*,#615,.F.);
#865=ORIENTED_EDGE('',*,*,#618,.T.);
#866=ORIENTED_EDGE('',*,*,#619,.T.);
#867=ORIENTED_EDGE('',*,*,#563,.T.);
#868=ORIENTED_EDGE('',*,*,#617,.F.);
#869=ORIENTED_EDGE('',*,*,#620,.T.);
#870=ORIENTED_EDGE('',*,*,#575,.F.);
#871=ORIENTED_EDGE('',*,*,#565,.T.);
#872=ORIENTED_EDGE('',*,*,#619,.F.);
#873=ORIENTED_EDGE('',*,*,#621,.T.);
#874=ORIENTED_EDGE('',*,*,#614,.F.);
#875=ORIENTED_EDGE('',*,*,#622,.F.);
#876=ORIENTED_EDGE('',*,*,#623,.T.);
#877=ORIENTED_EDGE('',*,*,#624,.T.);
#878=ORIENTED_EDGE('',*,*,#612,.F.);
#879=ORIENTED_EDGE('',*,*,#625,.F.);
#880=ORIENTED_EDGE('',*,*,#626,.T.);
#881=ORIENTED_EDGE('',*,*,#622,.T.);
#882=ORIENTED_EDGE('',*,*,#610,.F.);
#883=ORIENTED_EDGE('',*,*,#573,.F.);
#884=ORIENTED_EDGE('',*,*,#627,.T.);
#885=ORIENTED_EDGE('',*,*,#625,.T.);
#886=ORIENTED_EDGE('',*,*,#581,.F.);
#887=ORIENTED_EDGE('',*,*,#628,.F.);
#888=ORIENTED_EDGE('',*,*,#629,.T.);
#889=ORIENTED_EDGE('',*,*,#607,.T.);
#890=ORIENTED_EDGE('',*,*,#584,.F.);
#891=ORIENTED_EDGE('',*,*,#630,.F.);
#892=ORIENTED_EDGE('',*,*,#631,.T.);
#893=ORIENTED_EDGE('',*,*,#628,.T.);
#894=ORIENTED_EDGE('',*,*,#587,.F.);
#895=ORIENTED_EDGE('',*,*,#632,.F.);
#896=ORIENTED_EDGE('',*,*,#633,.T.);
#897=ORIENTED_EDGE('',*,*,#630,.T.);
#898=ORIENTED_EDGE('',*,*,#590,.F.);
#899=ORIENTED_EDGE('',*,*,#602,.F.);
#900=ORIENTED_EDGE('',*,*,#634,.T.);
#901=ORIENTED_EDGE('',*,*,#632,.T.);
#902=ORIENTED_EDGE('',*,*,#616,.F.);
#903=ORIENTED_EDGE('',*,*,#624,.F.);
#904=ORIENTED_EDGE('',*,*,#635,.T.);
#905=ORIENTED_EDGE('',*,*,#636,.T.);
#906=ORIENTED_EDGE('',*,*,#618,.F.);
#907=ORIENTED_EDGE('',*,*,#636,.F.);
#908=ORIENTED_EDGE('',*,*,#637,.T.);
#909=ORIENTED_EDGE('',*,*,#638,.T.);
#910=ORIENTED_EDGE('',*,*,#620,.F.);
#911=ORIENTED_EDGE('',*,*,#638,.F.);
#912=ORIENTED_EDGE('',*,*,#639,.T.);
#913=ORIENTED_EDGE('',*,*,#640,.T.);
#914=ORIENTED_EDGE('',*,*,#621,.F.);
#915=ORIENTED_EDGE('',*,*,#640,.F.);
#916=ORIENTED_EDGE('',*,*,#641,.T.);
#917=ORIENTED_EDGE('',*,*,#571,.T.);
#918=ORIENTED_EDGE('',*,*,#634,.F.);
#919=ORIENTED_EDGE('',*,*,#601,.F.);
#920=ORIENTED_EDGE('',*,*,#604,.F.);
#921=ORIENTED_EDGE('',*,*,#606,.F.);
#922=ORIENTED_EDGE('',*,*,#608,.F.);
#923=ORIENTED_EDGE('',*,*,#629,.F.);
#924=ORIENTED_EDGE('',*,*,#631,.F.);
#925=ORIENTED_EDGE('',*,*,#633,.F.);
#926=ORIENTED_EDGE('',*,*,#623,.F.);
#927=ORIENTED_EDGE('',*,*,#626,.F.);
#928=ORIENTED_EDGE('',*,*,#627,.F.);
#929=ORIENTED_EDGE('',*,*,#572,.F.);
#930=ORIENTED_EDGE('',*,*,#641,.F.);
#931=ORIENTED_EDGE('',*,*,#639,.F.);
#932=ORIENTED_EDGE('',*,*,#637,.F.);
#933=ORIENTED_EDGE('',*,*,#635,.F.);
#934=B_SPLINE_SURFACE_WITH_KNOTS('',3,3,((#1392,#1393,#1394,#1395),(#1396,
#1397,#1398,#1399),(#1400,#1401,#1402,#1403),(#1404,#1405,#1406,#1407)),
 .UNSPECIFIED.,.F.,.F.,.F.,(4,4),(4,4),(0.,1.),(6.29457010553222,7.68090928012369),
 .UNSPECIFIED.);
#935=B_SPLINE_SURFACE_WITH_KNOTS('',3,3,((#1422,#1423,#1424,#1425),(#1426,
#1427,#1428,#1429),(#1430,#1431,#1432,#1433),(#1434,#1435,#1436,#1437)),
 .UNSPECIFIED.,.F.,.F.,.F.,(4,4),(4,4),(0.,1.),(64.8920243187696,69.8914549821876),
 .UNSPECIFIED.);
#936=B_SPLINE_SURFACE_WITH_KNOTS('',3,3,((#1449,#1450,#1451,#1452),(#1453,
#1454,#1455,#1456),(#1457,#1458,#1459,#1460),(#1461,#1462,#1463,#1464)),
 .UNSPECIFIED.,.F.,.F.,.F.,(4,4),(4,4),(0.,1.),(5.38178340617665E-15,2.09636512925267),
 .UNSPECIFIED.);
#937=B_SPLINE_SURFACE_WITH_KNOTS('',3,3,((#1482,#1483,#1484,#1485,#1486,
#1487,#1488,#1489),(#1490,#1491,#1492,#1493,#1494,#1495,#1496,#1497),(#1498,
#1499,#1500,#1501,#1502,#1503,#1504,#1505),(#1506,#1507,#1508,#1509,#1510,
#1511,#1512,#1513)),.UNSPECIFIED.,.F.,.F.,.F.,(4,4),(4,1,1,1,1,4),(0.,1.),
(-9.08600063186102,-8.17561355094883,-7.72042001049274,-6.35483938912445,
-4.53406522730007,-2.71329106547569),.UNSPECIFIED.);
#938=B_SPLINE_SURFACE_WITH_KNOTS('',3,3,((#1541,#1542,#1543,#1544,#1545,
#1546,#1547,#1548,#1549,#1550),(#1551,#1552,#1553,#1554,#1555,#1556,#1557,
#1558,#1559,#1560),(#1561,#1562,#1563,#1564,#1565,#1566,#1567,#1568,#1569,
#1570),(#1571,#1572,#1573,#1574,#1575,#1576,#1577,#1578,#1579,#1580)),
 .UNSPECIFIED.,.F.,.F.,.F.,(4,4),(4,1,1,1,1,1,1,4),(0.,1.),(-2.06871957738067,
-1.77318820918343,-1.62542252508481,-1.18212547278895,-0.886594104591715,
-0.591062736394476,-0.295531368197238,0.),.UNSPECIFIED.);
#939=B_SPLINE_SURFACE_WITH_KNOTS('',3,3,((#1604,#1605,#1606,#1607),(#1608,
#1609,#1610,#1611),(#1612,#1613,#1614,#1615),(#1616,#1617,#1618,#1619)),
 .UNSPECIFIED.,.F.,.F.,.F.,(4,4),(4,4),(0.,1.),(0.,2.096364573177),
 .UNSPECIFIED.);
#940=B_SPLINE_SURFACE_WITH_KNOTS('',3,3,((#1631,#1632,#1633,#1634),(#1635,
#1636,#1637,#1638),(#1639,#1640,#1641,#1642),(#1643,#1644,#1645,#1646)),
 .UNSPECIFIED.,.F.,.F.,.F.,(4,4),(4,4),(0.,1.),(129.784891418684,134.784319820946),
 .UNSPECIFIED.);
#941=B_SPLINE_SURFACE_WITH_KNOTS('',3,3,((#1658,#1659,#1660,#1661),(#1662,
#1663,#1664,#1665),(#1666,#1667,#1668,#1669),(#1670,#1671,#1672,#1673)),
 .UNSPECIFIED.,.F.,.F.,.F.,(4,4),(4,4),(0.,1.),(0.,1.38631497429389),
 .UNSPECIFIED.);
#942=B_SPLINE_SURFACE_WITH_KNOTS('',3,3,((#1685,#1686,#1687,#1688,#1689,
#1690,#1691,#1692),(#1693,#1694,#1695,#1696,#1697,#1698,#1699,#1700),(#1701,
#1702,#1703,#1704,#1705,#1706,#1707,#1708),(#1709,#1710,#1711,#1712,#1713,
#1714,#1715,#1716)),.UNSPECIFIED.,.F.,.F.,.F.,(4,4),(4,1,1,1,1,4),(0.,1.),
(-6.36363625962638,-3.63636357692936,-1.81818178846468,-0.909090894232341,
-0.45454544711617,0.),.UNSPECIFIED.);
#943=B_SPLINE_SURFACE_WITH_KNOTS('',3,3,((#1749,#1750,#1751,#1752),(#1753,
#1754,#1755,#1756),(#1757,#1758,#1759,#1760),(#1761,#1762,#1763,#1764)),
 .UNSPECIFIED.,.F.,.F.,.F.,(4,4),(4,4),(0.,0.382876690220087),(-4.4550894143409E-34,
0.224075285301819),.UNSPECIFIED.);
#944=B_SPLINE_SURFACE_WITH_KNOTS('',3,3,((#1800,#1801,#1802,#1803),(#1804,
#1805,#1806,#1807),(#1808,#1809,#1810,#1811),(#1812,#1813,#1814,#1815)),
 .UNSPECIFIED.,.F.,.F.,.F.,(4,4),(4,4),(-1.75466282627539E-17,0.353286313097422),
(0.758040765426236,0.905857268564416),.UNSPECIFIED.);
#945=B_SPLINE_SURFACE_WITH_KNOTS('',3,3,((#1820,#1821,#1822,#1823),(#1824,
#1825,#1826,#1827),(#1828,#1829,#1830,#1831),(#1832,#1833,#1834,#1835)),
 .UNSPECIFIED.,.F.,.F.,.F.,(4,4),(4,4),(0.,0.35328631309742),(-0.905857268545148,
-0.758040765426236),.UNSPECIFIED.);
#946=B_SPLINE_SURFACE_WITH_KNOTS('',3,3,((#1869,#1870,#1871,#1872),(#1873,
#1874,#1875,#1876),(#1877,#1878,#1879,#1880),(#1881,#1882,#1883,#1884)),
 .UNSPECIFIED.,.F.,.F.,.F.,(4,4),(4,4),(0.,0.382876690220085),(-0.224075225868495,
9.66826945763621E-17),.UNSPECIFIED.);
#947=ADVANCED_FACE('',(#214),#934,.F.);
#948=ADVANCED_FACE('',(#215),#935,.F.);
#949=ADVANCED_FACE('',(#216),#936,.F.);
#950=ADVANCED_FACE('',(#217),#195,.T.);
#951=ADVANCED_FACE('',(#218),#937,.F.);
#952=ADVANCED_FACE('',(#219),#938,.F.);
#953=ADVANCED_FACE('',(#220),#196,.T.);
#954=ADVANCED_FACE('',(#221),#939,.F.);
#955=ADVANCED_FACE('',(#222),#940,.F.);
#956=ADVANCED_FACE('',(#223),#941,.F.);
#957=ADVANCED_FACE('',(#224),#942,.F.);
#958=ADVANCED_FACE('',(#225),#33,.T.);
#959=ADVANCED_FACE('',(#226),#943,.T.);
#960=ADVANCED_FACE('',(#227),#25,.F.);
#961=ADVANCED_FACE('',(#228),#944,.T.);
#962=ADVANCED_FACE('',(#229),#945,.T.);
#963=ADVANCED_FACE('',(#230),#26,.F.);
#964=ADVANCED_FACE('',(#231),#946,.T.);
#965=ADVANCED_FACE('',(#232),#34,.T.);
#966=ADVANCED_FACE('',(#233),#35,.T.);
#967=ADVANCED_FACE('',(#234),#36,.T.);
#968=ADVANCED_FACE('',(#235),#37,.T.);
#969=ADVANCED_FACE('',(#236),#38,.T.);
#970=ADVANCED_FACE('',(#237),#197,.T.);
#971=ADVANCED_FACE('',(#238),#198,.T.);
#972=ADVANCED_FACE('',(#239),#199,.T.);
#973=ADVANCED_FACE('',(#240),#200,.F.);
#974=ADVANCED_FACE('',(#241),#16,.F.);
#975=ADVANCED_FACE('',(#242),#201,.T.);
#976=ADVANCED_FACE('',(#243),#39,.T.);
#977=ADVANCED_FACE('',(#244),#40,.T.);
#978=ADVANCED_FACE('',(#245),#202,.T.);
#979=ADVANCED_FACE('',(#246),#17,.T.);
#980=ADVANCED_FACE('',(#247),#203,.T.);
#981=ADVANCED_FACE('',(#248),#18,.T.);
#982=ADVANCED_FACE('',(#249),#204,.T.);
#983=ADVANCED_FACE('',(#250),#19,.T.);
#984=ADVANCED_FACE('',(#251),#205,.T.);
#985=ADVANCED_FACE('',(#252),#20,.T.);
#986=ADVANCED_FACE('',(#253),#206,.T.);
#987=ADVANCED_FACE('',(#254),#41,.T.);
#988=ADVANCED_FACE('',(#255),#207,.T.);
#989=ADVANCED_FACE('',(#256),#42,.T.);
#990=ADVANCED_FACE('',(#257),#43,.T.);
#991=ADVANCED_FACE('',(#258),#27,.T.);
#992=ADVANCED_FACE('',(#259),#44,.T.);
#993=ADVANCED_FACE('',(#260),#28,.T.);
#994=ADVANCED_FACE('',(#261),#45,.T.);
#995=ADVANCED_FACE('',(#262),#29,.T.);
#996=ADVANCED_FACE('',(#263),#46,.T.);
#997=ADVANCED_FACE('',(#264),#30,.T.);
#998=ADVANCED_FACE('',(#265),#208,.T.);
#999=ADVANCED_FACE('',(#266),#47,.T.);
#1000=ADVANCED_FACE('',(#267),#209,.T.);
#1001=ADVANCED_FACE('',(#268),#210,.T.);
#1002=ADVANCED_FACE('',(#269),#48,.T.);
#1003=ADVANCED_FACE('',(#270),#211,.T.);
#1004=ADVANCED_FACE('',(#271),#49,.T.);
#1005=ADVANCED_FACE('',(#272),#50,.T.);
#1006=ADVANCED_FACE('',(#273),#212,.T.);
#1007=ADVANCED_FACE('',(#274),#51,.T.);
#1008=ADVANCED_FACE('',(#275),#213,.T.);
#1009=ADVANCED_FACE('',(#276,#15),#52,.F.);
#1010=CLOSED_SHELL('',(#947,#948,#949,#950,#951,#952,#953,#954,#955,#956,
#957,#958,#959,#960,#961,#962,#963,#964,#965,#966,#967,#968,#969,#970,#971,
#972,#973,#974,#975,#976,#977,#978,#979,#980,#981,#982,#983,#984,#985,#986,
#987,#988,#989,#990,#991,#992,#993,#994,#995,#996,#997,#998,#999,#1000,
#1001,#1002,#1003,#1004,#1005,#1006,#1007,#1008,#1009));
#1011=DERIVED_UNIT_ELEMENT(#1013,1.);
#1012=DERIVED_UNIT_ELEMENT(#2102,-3.);
#1013=(
MASS_UNIT()
NAMED_UNIT(*)
SI_UNIT(.KILO.,.GRAM.)
);
#1014=DERIVED_UNIT((#1011,#1012));
#1015=MEASURE_REPRESENTATION_ITEM('density measure',
POSITIVE_RATIO_MEASURE(7850.),#1014);
#1016=PROPERTY_DEFINITION_REPRESENTATION(#1021,#1018);
#1017=PROPERTY_DEFINITION_REPRESENTATION(#1022,#1019);
#1018=REPRESENTATION('material name',(#1020),#2099);
#1019=REPRESENTATION('density',(#1015),#2099);
#1020=DESCRIPTIVE_REPRESENTATION_ITEM('Steel','Steel');
#1021=PROPERTY_DEFINITION('material property','material name',#2109);
#1022=PROPERTY_DEFINITION('material property','density of part',#2109);
#1023=AXIS2_PLACEMENT_3D('',#1391,#1122,#1123);
#1024=AXIS2_PLACEMENT_3D('',#1410,#1124,#1125);
#1025=AXIS2_PLACEMENT_3D('',#1417,#1126,#1127);
#1026=AXIS2_PLACEMENT_3D('',#1440,#1128,#1129);
#1027=AXIS2_PLACEMENT_3D('',#1467,#1130,#1131);
#1028=AXIS2_PLACEMENT_3D('',#1476,#1132,#1133);
#1029=AXIS2_PLACEMENT_3D('',#1479,#1134,#1135);
#1030=AXIS2_PLACEMENT_3D('',#1524,#1138,#1139);
#1031=AXIS2_PLACEMENT_3D('',#1583,#1140,#1141);
#1032=AXIS2_PLACEMENT_3D('',#1595,#1143,#1144);
#1033=AXIS2_PLACEMENT_3D('',#1598,#1145,#1146);
#1034=AXIS2_PLACEMENT_3D('',#1602,#1148,#1149);
#1035=AXIS2_PLACEMENT_3D('',#1622,#1151,#1152);
#1036=AXIS2_PLACEMENT_3D('',#1649,#1153,#1154);
#1037=AXIS2_PLACEMENT_3D('',#1676,#1155,#1156);
#1038=AXIS2_PLACEMENT_3D('',#1741,#1157,#1158);
#1039=AXIS2_PLACEMENT_3D('',#1747,#1161,#1162);
#1040=AXIS2_PLACEMENT_3D('',#1773,#1165,#1166);
#1041=AXIS2_PLACEMENT_3D('',#1842,#1169,#1170);
#1042=AXIS2_PLACEMENT_3D('',#1909,#1173,#1174);
#1043=AXIS2_PLACEMENT_3D('',#1917,#1179,#1180);
#1044=AXIS2_PLACEMENT_3D('',#1918,#1181,#1182);
#1045=AXIS2_PLACEMENT_3D('',#1920,#1183,#1184);
#1046=AXIS2_PLACEMENT_3D('',#1922,#1186,#1187);
#1047=AXIS2_PLACEMENT_3D('',#1928,#1191,#1192);
#1048=AXIS2_PLACEMENT_3D('',#1934,#1196,#1197);
#1049=AXIS2_PLACEMENT_3D('',#1940,#1201,#1202);
#1050=AXIS2_PLACEMENT_3D('',#1941,#1203,#1204);
#1051=AXIS2_PLACEMENT_3D('',#1942,#1205,#1206);
#1052=AXIS2_PLACEMENT_3D('',#1943,#1207,#1208);
#1053=AXIS2_PLACEMENT_3D('',#1944,#1209,#1210);
#1054=AXIS2_PLACEMENT_3D('',#1945,#1211,#1212);
#1055=AXIS2_PLACEMENT_3D('',#1946,#1213,#1214);
#1056=AXIS2_PLACEMENT_3D('',#1947,#1215,#1216);
#1057=AXIS2_PLACEMENT_3D('',#1948,#1217,#1218);
#1058=AXIS2_PLACEMENT_3D('',#1949,#1219,#1220);
#1059=AXIS2_PLACEMENT_3D('',#1950,#1221,#1222);
#1060=AXIS2_PLACEMENT_3D('',#1951,#1223,#1224);
#1061=AXIS2_PLACEMENT_3D('',#1960,#1229,#1230);
#1062=AXIS2_PLACEMENT_3D('',#1963,#1233,#1234);
#1063=AXIS2_PLACEMENT_3D('',#1966,#1235,#1236);
#1064=AXIS2_PLACEMENT_3D('',#1970,#1238,#1239);
#1065=AXIS2_PLACEMENT_3D('',#1972,#1241,#1242);
#1066=AXIS2_PLACEMENT_3D('',#1975,#1243,#1244);
#1067=AXIS2_PLACEMENT_3D('',#1976,#1245,#1246);
#1068=AXIS2_PLACEMENT_3D('',#1977,#1247,#1248);
#1069=AXIS2_PLACEMENT_3D('',#1978,#1249,#1250);
#1070=AXIS2_PLACEMENT_3D('',#1981,#1251,#1252);
#1071=AXIS2_PLACEMENT_3D('',#1984,#1255,#1256);
#1072=AXIS2_PLACEMENT_3D('',#1987,#1257,#1258);
#1073=AXIS2_PLACEMENT_3D('',#1988,#1259,#1260);
#1074=AXIS2_PLACEMENT_3D('',#1989,#1261,#1262);
#1075=AXIS2_PLACEMENT_3D('',#1990,#1263,#1264);
#1076=AXIS2_PLACEMENT_3D('',#1993,#1265,#1266);
#1077=AXIS2_PLACEMENT_3D('',#1996,#1269,#1270);
#1078=AXIS2_PLACEMENT_3D('',#1999,#1271,#1272);
#1079=AXIS2_PLACEMENT_3D('',#2000,#1273,#1274);
#1080=AXIS2_PLACEMENT_3D('',#2001,#1275,#1276);
#1081=AXIS2_PLACEMENT_3D('',#2002,#1277,#1278);
#1082=AXIS2_PLACEMENT_3D('',#2005,#1279,#1280);
#1083=AXIS2_PLACEMENT_3D('',#2008,#1283,#1284);
#1084=AXIS2_PLACEMENT_3D('',#2009,#1285,#1286);
#1085=AXIS2_PLACEMENT_3D('',#2010,#1287,#1288);
#1086=AXIS2_PLACEMENT_3D('',#2011,#1289,#1290);
#1087=AXIS2_PLACEMENT_3D('',#2015,#1292,#1293);
#1088=AXIS2_PLACEMENT_3D('',#2017,#1295,#1296);
#1089=AXIS2_PLACEMENT_3D('',#2021,#1299,#1300);
#1090=AXIS2_PLACEMENT_3D('',#2024,#1302,#1303);
#1091=AXIS2_PLACEMENT_3D('',#2025,#1304,#1305);
#1092=AXIS2_PLACEMENT_3D('',#2029,#1308,#1309);
#1093=AXIS2_PLACEMENT_3D('',#2030,#1310,#1311);
#1094=AXIS2_PLACEMENT_3D('',#2033,#1313,#1314);
#1095=AXIS2_PLACEMENT_3D('',#2034,#1315,#1316);
#1096=AXIS2_PLACEMENT_3D('',#2038,#1319,#1320);
#1097=AXIS2_PLACEMENT_3D('',#2041,#1322,#1323);
#1098=AXIS2_PLACEMENT_3D('',#2042,#1324,#1325);
#1099=AXIS2_PLACEMENT_3D('',#2046,#1328,#1329);
#1100=AXIS2_PLACEMENT_3D('',#2049,#1331,#1332);
#1101=AXIS2_PLACEMENT_3D('',#2050,#1333,#1334);
#1102=AXIS2_PLACEMENT_3D('',#2054,#1337,#1338);
#1103=AXIS2_PLACEMENT_3D('',#2055,#1339,#1340);
#1104=AXIS2_PLACEMENT_3D('',#2056,#1341,#1342);
#1105=AXIS2_PLACEMENT_3D('',#2060,#1344,#1345);
#1106=AXIS2_PLACEMENT_3D('',#2062,#1347,#1348);
#1107=AXIS2_PLACEMENT_3D('',#2066,#1351,#1352);
#1108=AXIS2_PLACEMENT_3D('',#2067,#1353,#1354);
#1109=AXIS2_PLACEMENT_3D('',#2068,#1355,#1356);
#1110=AXIS2_PLACEMENT_3D('',#2071,#1358,#1359);
#1111=AXIS2_PLACEMENT_3D('',#2072,#1360,#1361);
#1112=AXIS2_PLACEMENT_3D('',#2076,#1364,#1365);
#1113=AXIS2_PLACEMENT_3D('',#2079,#1367,#1368);
#1114=AXIS2_PLACEMENT_3D('',#2080,#1369,#1370);
#1115=AXIS2_PLACEMENT_3D('',#2082,#1372,#1373);
#1116=AXIS2_PLACEMENT_3D('',#2086,#1376,#1377);
#1117=AXIS2_PLACEMENT_3D('',#2088,#1378,#1379);
#1118=AXIS2_PLACEMENT_3D('',#2090,#1381,#1382);
#1119=AXIS2_PLACEMENT_3D('',#2094,#1385,#1386);
#1120=AXIS2_PLACEMENT_3D('',#2095,#1387,#1388);
#1121=AXIS2_PLACEMENT_3D('',#2096,#1389,#1390);
#1122=DIRECTION('axis',(0.,0.,1.));
#1123=DIRECTION('refdir',(1.,0.,0.));
#1124=DIRECTION('center_axis',(0.781626521340266,-0.623400221302953,0.020788102774039));
#1125=DIRECTION('ref_axis',(-0.608224503709503,-0.769140805692949,-0.196176894932433));
#1126=DIRECTION('center_axis',(-0.683114868025259,0.730161048842499,-0.0147959398503078));
#1127=DIRECTION('ref_axis',(-0.674245267713822,-0.638327724983616,-0.371390676354103));
#1128=DIRECTION('center_axis',(-0.220952275620019,0.975279343757883,-0.00320835433320381));
#1129=DIRECTION('ref_axis',(-0.905264773613128,-0.20631203351335,-0.371390676354103));
#1130=DIRECTION('center_axis',(0.,1.,0.));
#1131=DIRECTION('ref_axis',(-0.928476690885259,0.,-0.371390676354104));
#1132=DIRECTION('center_axis',(0.,-1.,0.));
#1133=DIRECTION('ref_axis',(-0.955992522801088,0.,-0.293391029768143));
#1134=DIRECTION('center_axis',(-7.74860378083275E-9,1.,0.));
#1135=DIRECTION('ref_axis',(-0.955992522801088,-7.40760727662435E-9,-0.293391029768143));
#1136=DIRECTION('',(0.,1.,0.));
#1137=DIRECTION('',(0.,-1.,0.));
#1138=DIRECTION('center_axis',(0.960828651109079,-0.044869146039392,0.273486860637952));
#1139=DIRECTION('ref_axis',(-0.0354440156872051,-0.998598260953866,-0.0393094768710935));
#1140=DIRECTION('center_axis',(0.96082865110908,0.0448691460393925,-0.27348686063795));
#1141=DIRECTION('ref_axis',(0.0354440156872056,-0.998598260953866,-0.039309476871094));
#1142=DIRECTION('',(1.,-4.44089209850063E-17,1.11022302462516E-16));
#1143=DIRECTION('center_axis',(0.,1.,0.));
#1144=DIRECTION('ref_axis',(0.955992522801088,0.,-0.293391029768143));
#1145=DIRECTION('center_axis',(-7.74860378083275E-9,1.,0.));
#1146=DIRECTION('ref_axis',(0.955992522801088,7.40760727662435E-9,-0.293391029768143));
#1147=DIRECTION('',(0.,1.,0.));
#1148=DIRECTION('center_axis',(1.45539426885628E-17,-1.,3.63848567214071E-17));
#1149=DIRECTION('ref_axis',(0.928476690885259,0.,-0.371390676354104));
#1150=DIRECTION('',(0.,-1.,0.));
#1151=DIRECTION('center_axis',(-0.220952218006938,-0.975279356813242,0.00320835343507759));
#1152=DIRECTION('ref_axis',(0.905264785874936,-0.206311979710455,-0.371390676354104));
#1153=DIRECTION('center_axis',(-0.683114868025279,-0.730161048842481,0.0147959398503104));
#1154=DIRECTION('ref_axis',(0.674245267713804,-0.638327724983634,-0.371390676354104));
#1155=DIRECTION('center_axis',(-0.781626521340267,-0.623400221302952,0.0207881027740385));
#1156=DIRECTION('ref_axis',(0.572880494463826,-0.73066880635492,-0.371390676354104));
#1157=DIRECTION('center_axis',(-0.928476690885259,0.,-0.371390676354104));
#1158=DIRECTION('ref_axis',(-0.371390676354104,0.,0.928476690885259));
#1159=DIRECTION('',(-0.371390676354104,0.,0.928476690885259));
#1160=DIRECTION('',(0.,-1.,0.));
#1161=DIRECTION('center_axis',(-0.928476690885259,0.,-0.371390676354104));
#1162=DIRECTION('ref_axis',(-0.371390676354104,-1.64930592007774E-15,0.928476690885259));
#1163=DIRECTION('',(-0.371390676354104,-2.87775919896344E-9,0.928476690885259));
#1164=DIRECTION('',(-0.362105909445251,-0.0825248134053402,0.928476690885259));
#1165=DIRECTION('center_axis',(0.,0.,-1.));
#1166=DIRECTION('ref_axis',(1.,0.,0.));
#1167=DIRECTION('',(0.269698107085528,0.255331089993446,-0.928476690885259));
#1168=DIRECTION('',(0.269698107085528,-0.255331089993446,0.928476690885259));
#1169=DIRECTION('center_axis',(0.,0.,-1.));
#1170=DIRECTION('ref_axis',(-1.,0.,0.));
#1171=DIRECTION('',(-0.362105914349974,0.0825247918841821,-0.928476690885259));
#1172=DIRECTION('',(-0.371390676354104,0.,-0.928476690885259));
#1173=DIRECTION('center_axis',(7.74860378083275E-9,-1.,0.));
#1174=DIRECTION('ref_axis',(-1.,-7.74860378083275E-9,0.));
#1175=DIRECTION('',(0.,0.,-1.));
#1176=DIRECTION('',(1.,7.74860378083275E-9,0.));
#1177=DIRECTION('',(0.,0.,-1.));
#1178=DIRECTION('',(-0.371390676354104,-2.87775919896344E-9,-0.928476690885259));
#1179=DIRECTION('center_axis',(-7.74860378083275E-9,1.,0.));
#1180=DIRECTION('ref_axis',(1.,7.74860378083275E-9,0.));
#1181=DIRECTION('center_axis',(0.928476690885259,0.,-0.371390676354104));
#1182=DIRECTION('ref_axis',(-0.371390676354104,0.,-0.928476690885259));
#1183=DIRECTION('center_axis',(0.928476690885259,0.,-0.371390676354104));
#1184=DIRECTION('ref_axis',(-0.371390676354104,0.,-0.928476690885259));
#1185=DIRECTION('',(3.22858491793216E-8,0.999999999999996,8.0714622948304E-8));
#1186=DIRECTION('center_axis',(4.44089209850063E-17,1.,0.));
#1187=DIRECTION('ref_axis',(1.,-4.44089209850063E-17,0.));
#1188=DIRECTION('',(0.,0.,-1.));
#1189=DIRECTION('',(-1.,4.44089209850063E-17,0.));
#1190=DIRECTION('',(0.,0.,-1.));
#1191=DIRECTION('center_axis',(-1.,3.22858491793217E-8,0.));
#1192=DIRECTION('ref_axis',(3.22858491793217E-8,0.999999999999999,0.));
#1193=DIRECTION('',(0.,0.,-1.));
#1194=DIRECTION('',(-3.22858491793217E-8,-0.999999999999999,0.));
#1195=DIRECTION('',(0.,0.,-1.));
#1196=DIRECTION('center_axis',(1.,0.,0.));
#1197=DIRECTION('ref_axis',(0.,-1.,0.));
#1198=DIRECTION('',(0.,0.,-1.));
#1199=DIRECTION('',(0.,1.,0.));
#1200=DIRECTION('',(0.,0.,-1.));
#1201=DIRECTION('center_axis',(0.,0.,-1.));
#1202=DIRECTION('ref_axis',(4.44089209850061E-15,-1.,0.));
#1203=DIRECTION('center_axis',(0.,0.,1.));
#1204=DIRECTION('ref_axis',(4.44089209850061E-15,-1.,0.));
#1205=DIRECTION('center_axis',(0.,0.,-1.));
#1206=DIRECTION('ref_axis',(8.88178419700128E-15,1.,0.));
#1207=DIRECTION('center_axis',(0.,0.,1.));
#1208=DIRECTION('ref_axis',(8.88178419700128E-15,1.,0.));
#1209=DIRECTION('center_axis',(0.,0.,-1.));
#1210=DIRECTION('ref_axis',(-1.,0.,0.));
#1211=DIRECTION('center_axis',(0.,0.,1.));
#1212=DIRECTION('ref_axis',(-1.,0.,0.));
#1213=DIRECTION('center_axis',(0.,1.,0.));
#1214=DIRECTION('ref_axis',(1.,0.,0.));
#1215=DIRECTION('center_axis',(0.,-1.,0.));
#1216=DIRECTION('ref_axis',(-1.,0.,0.));
#1217=DIRECTION('center_axis',(0.,1.,0.));
#1218=DIRECTION('ref_axis',(0.,0.,1.));
#1219=DIRECTION('center_axis',(0.,0.,-1.));
#1220=DIRECTION('ref_axis',(1.,4.4408920985006E-15,0.));
#1221=DIRECTION('center_axis',(0.,0.,1.));
#1222=DIRECTION('ref_axis',(1.,4.4408920985006E-15,0.));
#1223=DIRECTION('center_axis',(7.74860378083275E-9,-1.,0.));
#1224=DIRECTION('ref_axis',(-1.,-7.74860378083275E-9,0.));
#1225=DIRECTION('',(-1.,-7.74860378083275E-9,0.));
#1226=DIRECTION('',(0.,0.,-1.));
#1227=DIRECTION('',(-1.,-2.08616253161154E-9,0.));
#1228=DIRECTION('',(0.,0.,-1.));
#1229=DIRECTION('center_axis',(5.47909027815401E-9,-0.707106781186477,-0.707106781186618));
#1230=DIRECTION('ref_axis',(-1.,0.,-7.7486037808312E-9));
#1231=DIRECTION('',(-5.47912025122008E-9,0.707106781186626,-0.707106781186469));
#1232=DIRECTION('',(5.47908884937096E-9,-0.707106781186618,0.707106781186477));
#1233=DIRECTION('center_axis',(0.,1.,0.));
#1234=DIRECTION('ref_axis',(-0.707106781186537,0.,0.707106781186558));
#1235=DIRECTION('center_axis',(0.,1.,0.));
#1236=DIRECTION('ref_axis',(-1.,0.,0.));
#1237=DIRECTION('',(0.,1.,0.));
#1238=DIRECTION('center_axis',(0.,-1.,0.));
#1239=DIRECTION('ref_axis',(0.,0.,1.));
#1240=DIRECTION('',(0.,-1.,0.));
#1241=DIRECTION('center_axis',(0.,0.,-1.));
#1242=DIRECTION('ref_axis',(-1.,0.,0.));
#1243=DIRECTION('center_axis',(-1.,0.,0.));
#1244=DIRECTION('ref_axis',(0.,0.,1.));
#1245=DIRECTION('center_axis',(0.,0.,1.));
#1246=DIRECTION('ref_axis',(-0.707106781186548,0.707106781186547,0.));
#1247=DIRECTION('center_axis',(0.,0.,-1.));
#1248=DIRECTION('ref_axis',(-0.707106781186548,0.707106781186547,0.));
#1249=DIRECTION('center_axis',(1.,2.1350442781253E-17,0.));
#1250=DIRECTION('ref_axis',(0.,0.707106781186537,0.707106781186558));
#1251=DIRECTION('center_axis',(-1.,0.,0.));
#1252=DIRECTION('ref_axis',(0.,0.,1.));
#1253=DIRECTION('',(-1.,-2.1350442781253E-17,0.));
#1254=DIRECTION('',(1.,2.1350442781253E-17,0.));
#1255=DIRECTION('center_axis',(0.,0.,-1.));
#1256=DIRECTION('ref_axis',(-1.,0.,0.));
#1257=DIRECTION('center_axis',(0.,1.,0.));
#1258=DIRECTION('ref_axis',(0.,0.,1.));
#1259=DIRECTION('center_axis',(0.,0.,1.));
#1260=DIRECTION('ref_axis',(0.707106781186548,0.707106781186548,0.));
#1261=DIRECTION('center_axis',(0.,0.,-1.));
#1262=DIRECTION('ref_axis',(0.707106781186547,0.707106781186547,0.));
#1263=DIRECTION('center_axis',(0.,-1.,0.));
#1264=DIRECTION('ref_axis',(0.707106781186537,0.,0.707106781186558));
#1265=DIRECTION('center_axis',(0.,1.,0.));
#1266=DIRECTION('ref_axis',(0.,0.,1.));
#1267=DIRECTION('',(0.,1.,0.));
#1268=DIRECTION('',(0.,-1.,0.));
#1269=DIRECTION('center_axis',(0.,0.,-1.));
#1270=DIRECTION('ref_axis',(-1.,0.,0.));
#1271=DIRECTION('center_axis',(1.,0.,0.));
#1272=DIRECTION('ref_axis',(0.,0.,1.));
#1273=DIRECTION('center_axis',(0.,0.,1.));
#1274=DIRECTION('ref_axis',(0.707106781186548,-0.707106781186547,0.));
#1275=DIRECTION('center_axis',(0.,0.,-1.));
#1276=DIRECTION('ref_axis',(0.707106781186548,-0.707106781186547,0.));
#1277=DIRECTION('center_axis',(-1.,-2.1350442781253E-17,0.));
#1278=DIRECTION('ref_axis',(0.,-0.707106781186537,0.707106781186558));
#1279=DIRECTION('center_axis',(1.,0.,0.));
#1280=DIRECTION('ref_axis',(0.,0.,1.));
#1281=DIRECTION('',(1.,2.1350442781253E-17,0.));
#1282=DIRECTION('',(-1.,-2.1350442781253E-17,0.));
#1283=DIRECTION('center_axis',(0.,0.,-1.));
#1284=DIRECTION('ref_axis',(-1.,0.,0.));
#1285=DIRECTION('center_axis',(0.,0.,1.));
#1286=DIRECTION('ref_axis',(-0.707106781186548,-0.707106781186548,0.));
#1287=DIRECTION('center_axis',(0.,0.,-1.));
#1288=DIRECTION('ref_axis',(-0.707106781186547,-0.707106781186547,0.));
#1289=DIRECTION('center_axis',(0.,0.,1.));
#1290=DIRECTION('ref_axis',(0.,-1.,0.));
#1291=DIRECTION('',(0.,0.,1.));
#1292=DIRECTION('center_axis',(0.,0.,1.));
#1293=DIRECTION('ref_axis',(0.,-1.,0.));
#1294=DIRECTION('',(0.,0.,1.));
#1295=DIRECTION('center_axis',(2.1350442781253E-17,-1.,0.));
#1296=DIRECTION('ref_axis',(1.,2.1350442781253E-17,0.));
#1297=DIRECTION('',(0.,0.,1.));
#1298=DIRECTION('',(1.,2.1350442781253E-17,0.));
#1299=DIRECTION('center_axis',(0.,0.,1.));
#1300=DIRECTION('ref_axis',(-1.,0.,0.));
#1301=DIRECTION('',(0.,0.,1.));
#1302=DIRECTION('center_axis',(0.,0.,1.));
#1303=DIRECTION('ref_axis',(-1.,0.,0.));
#1304=DIRECTION('center_axis',(-1.,0.,0.));
#1305=DIRECTION('ref_axis',(0.,-1.,0.));
#1306=DIRECTION('',(0.,0.,1.));
#1307=DIRECTION('',(0.,-1.,0.));
#1308=DIRECTION('center_axis',(0.,0.,1.));
#1309=DIRECTION('ref_axis',(1.,0.,0.));
#1310=DIRECTION('center_axis',(0.,0.,1.));
#1311=DIRECTION('ref_axis',(-1.,0.,0.));
#1312=DIRECTION('',(0.707106781186548,0.,-0.707106781186548));
#1313=DIRECTION('center_axis',(0.,0.,-1.));
#1314=DIRECTION('ref_axis',(-1.,0.,0.));
#1315=DIRECTION('center_axis',(-0.707106781186469,2.2829542891062E-8,-0.707106781186626));
#1316=DIRECTION('ref_axis',(-0.707106781186626,0.,0.707106781186469));
#1317=DIRECTION('',(0.707106781186626,-2.28295525733033E-8,-0.707106781186469));
#1318=DIRECTION('',(3.22858491793217E-8,0.999999999999999,0.));
#1319=DIRECTION('center_axis',(0.,0.,1.));
#1320=DIRECTION('ref_axis',(8.88178419700129E-15,1.,0.));
#1321=DIRECTION('',(0.,-0.707106781186544,-0.707106781186551));
#1322=DIRECTION('center_axis',(0.,0.,-1.));
#1323=DIRECTION('ref_axis',(8.88178419700128E-15,1.,0.));
#1324=DIRECTION('center_axis',(3.14018491736724E-17,0.707106781186477,-0.707106781186618));
#1325=DIRECTION('ref_axis',(-1.,0.,-4.44089209849974E-17));
#1326=DIRECTION('',(3.14018491736779E-14,-0.707106781186634,-0.707106781186461));
#1327=DIRECTION('',(1.,-4.44089209850063E-17,0.));
#1328=DIRECTION('center_axis',(0.,0.,1.));
#1329=DIRECTION('ref_axis',(1.,4.4408920985006E-15,0.));
#1330=DIRECTION('',(-0.707106781186563,0.,-0.707106781186532));
#1331=DIRECTION('center_axis',(0.,0.,-1.));
#1332=DIRECTION('ref_axis',(1.,4.4408920985006E-15,0.));
#1333=DIRECTION('center_axis',(0.707106781186485,0.,-0.70710678118661));
#1334=DIRECTION('ref_axis',(-0.70710678118661,0.,-0.707106781186485));
#1335=DIRECTION('',(-0.70710678118661,0.,-0.707106781186485));
#1336=DIRECTION('',(0.,-1.,0.));
#1337=DIRECTION('center_axis',(0.,0.,1.));
#1338=DIRECTION('ref_axis',(4.44089209850061E-15,-1.,0.));
#1339=DIRECTION('center_axis',(0.,0.,-1.));
#1340=DIRECTION('ref_axis',(4.44089209850061E-15,-1.,0.));
#1341=DIRECTION('center_axis',(0.,0.,-1.));
#1342=DIRECTION('ref_axis',(8.88178419700128E-15,1.,0.));
#1343=DIRECTION('',(0.,0.,-1.));
#1344=DIRECTION('center_axis',(0.,0.,-1.));
#1345=DIRECTION('ref_axis',(0.,1.,0.));
#1346=DIRECTION('',(0.,0.,-1.));
#1347=DIRECTION('center_axis',(-1.,3.22858491793217E-8,0.));
#1348=DIRECTION('ref_axis',(3.22858491793217E-8,0.999999999999999,0.));
#1349=DIRECTION('',(0.,0.,-1.));
#1350=DIRECTION('',(0.,1.,0.));
#1351=DIRECTION('center_axis',(0.,0.,-1.));
#1352=DIRECTION('ref_axis',(-1.,0.,0.));
#1353=DIRECTION('center_axis',(0.,0.,-1.));
#1354=DIRECTION('ref_axis',(-1.,-1.1102225944914E-15,0.));
#1355=DIRECTION('center_axis',(0.,0.,1.));
#1356=DIRECTION('ref_axis',(0.,1.,0.));
#1357=DIRECTION('',(0.,0.,1.));
#1358=DIRECTION('center_axis',(0.,0.,1.));
#1359=DIRECTION('ref_axis',(0.,1.,0.));
#1360=DIRECTION('center_axis',(-2.1350442781253E-17,1.,0.));
#1361=DIRECTION('ref_axis',(-1.,-2.1350442781253E-17,0.));
#1362=DIRECTION('',(0.,0.,1.));
#1363=DIRECTION('',(-1.,-2.1350442781253E-17,0.));
#1364=DIRECTION('center_axis',(0.,0.,1.));
#1365=DIRECTION('ref_axis',(1.,0.,0.));
#1366=DIRECTION('',(0.,0.,1.));
#1367=DIRECTION('center_axis',(0.,0.,1.));
#1368=DIRECTION('ref_axis',(1.,0.,0.));
#1369=DIRECTION('center_axis',(1.,0.,0.));
#1370=DIRECTION('ref_axis',(0.,1.,0.));
#1371=DIRECTION('',(0.,1.,0.));
#1372=DIRECTION('center_axis',(4.44089209850063E-17,1.,0.));
#1373=DIRECTION('ref_axis',(1.,-4.44089209850063E-17,0.));
#1374=DIRECTION('',(1.,2.08616250940707E-9,0.));
#1375=DIRECTION('',(0.,0.,-1.));
#1376=DIRECTION('center_axis',(0.,0.,-1.));
#1377=DIRECTION('ref_axis',(1.,4.4408920985006E-15,0.));
#1378=DIRECTION('center_axis',(0.,0.,-1.));
#1379=DIRECTION('ref_axis',(1.,3.33066907387547E-15,0.));
#1380=DIRECTION('',(0.,0.,-1.));
#1381=DIRECTION('center_axis',(1.,0.,0.));
#1382=DIRECTION('ref_axis',(0.,-1.,0.));
#1383=DIRECTION('',(0.,-1.,0.));
#1384=DIRECTION('',(0.,0.,-1.));
#1385=DIRECTION('center_axis',(0.,0.,-1.));
#1386=DIRECTION('ref_axis',(4.44089209850061E-15,-1.,0.));
#1387=DIRECTION('center_axis',(0.,0.,-1.));
#1388=DIRECTION('ref_axis',(0.,-1.,0.));
#1389=DIRECTION('center_axis',(0.,0.,1.));
#1390=DIRECTION('ref_axis',(1.,0.,0.));
#1391=CARTESIAN_POINT('',(0.,0.,0.));
#1392=CARTESIAN_POINT('Ctrl Pts',(18.9245442316598,7.15000000000003,50.0551538846699));
#1393=CARTESIAN_POINT('Ctrl Pts',(19.4425209674797,6.6950470391594,50.1512283705942));
#1394=CARTESIAN_POINT('Ctrl Pts',(19.9290815827503,6.20838995669946,50.2309207263301));
#1395=CARTESIAN_POINT('Ctrl Pts',(20.3796440306692,5.69269395847313,50.2992946964613));
#1396=CARTESIAN_POINT('Ctrl Pts',(17.6296301255178,5.68888533734053,54.9271715607481));
#1397=CARTESIAN_POINT('Ctrl Pts',(18.1040016329674,5.30929734346529,54.9567460129772));
#1398=CARTESIAN_POINT('Ctrl Pts',(18.5476787480447,4.89763094462583,54.9816925538273));
#1399=CARTESIAN_POINT('Ctrl Pts',(18.9577388490872,4.45772764771487,55.003306365649));
#1400=CARTESIAN_POINT('Ctrl Pts',(16.6107711892029,4.57985608004856,59.9780452668441));
#1401=CARTESIAN_POINT('Ctrl Pts',(17.0512864082044,4.25233828330021,59.936201305368));
#1402=CARTESIAN_POINT('Ctrl Pts',(17.4609419018573,3.89415546867225,59.9024663807321));
#1403=CARTESIAN_POINT('Ctrl Pts',(17.8385770435038,3.50937554375072,59.8739873055979));
#1404=CARTESIAN_POINT('Ctrl Pts',(15.8849594365316,3.84140805692952,65.1235390869336));
#1405=CARTESIAN_POINT('Ctrl Pts',(16.3014683149516,3.54129220642266,65.0088489303009));
#1406=CARTESIAN_POINT('Ctrl Pts',(16.6861136400632,3.21385915204538,64.9152272567902));
#1407=CARTESIAN_POINT('Ctrl Pts',(17.0395599693654,2.86238315698585,64.8356054372838));
#1408=CARTESIAN_POINT('',(15.8849594365317,3.84140805692949,65.1235390869336));
#1409=CARTESIAN_POINT('',(18.9245442316598,7.15,50.0551538846699));
#1410=CARTESIAN_POINT('Origin',(68.1922667555489,69.9875173465231,81.9947520511228));
#1411=CARTESIAN_POINT('',(20.3796440306692,5.69269395847314,50.2992946964613));
#1412=CARTESIAN_POINT('Ctrl Pts',(18.9245442316598,7.15000000000003,50.0551538846699));
#1413=CARTESIAN_POINT('Ctrl Pts',(19.4425209674797,6.6950470391594,50.1512283705942));
#1414=CARTESIAN_POINT('Ctrl Pts',(19.9290815827503,6.20838995669946,50.2309207263301));
#1415=CARTESIAN_POINT('Ctrl Pts',(20.3796440306692,5.69269395847313,50.2992946964613));
#1416=CARTESIAN_POINT('',(17.0395599693655,2.86238315698584,64.8356054372838));
#1417=CARTESIAN_POINT('Origin',(78.3647370540579,60.5888783070641,82.2388928629142));
#1418=CARTESIAN_POINT('Ctrl Pts',(17.0395599693654,2.86238315698585,64.8356054372838));
#1419=CARTESIAN_POINT('Ctrl Pts',(16.6861136400632,3.21385915204538,64.9152272567902));
#1420=CARTESIAN_POINT('Ctrl Pts',(16.3014683149516,3.54129220642266,65.0088489303009));
#1421=CARTESIAN_POINT('Ctrl Pts',(15.8849594365316,3.84140805692952,65.1235390869336));
#1422=CARTESIAN_POINT('Ctrl Pts',(20.3796440306692,5.69269395847313,50.2992946964613));
#1423=CARTESIAN_POINT('Ctrl Pts',(22.0044669882794,3.83298571839231,50.5458656144004));
#1424=CARTESIAN_POINT('Ctrl Pts',(23.1511000252547,1.58450457630968,50.6565103611896));
#1425=CARTESIAN_POINT('Ctrl Pts',(23.6731078763652,-0.802236339259816,50.7099798041918));
#1426=CARTESIAN_POINT('Ctrl Pts',(18.9577388490872,4.45772764771487,55.003306365649));
#1427=CARTESIAN_POINT('Ctrl Pts',(20.4365018246773,2.87134383066438,55.0812503172844));
#1428=CARTESIAN_POINT('Ctrl Pts',(21.4713621974543,0.909413378810194,55.1185401343106));
#1429=CARTESIAN_POINT('Ctrl Pts',(21.9431873076551,-1.17959357999564,55.1362877229502));
#1430=CARTESIAN_POINT('Ctrl Pts',(17.8385770435038,3.50937554375072,59.8739873055979));
#1431=CARTESIAN_POINT('Ctrl Pts',(19.2004087953102,2.12177820063536,59.7712857704316));
#1432=CARTESIAN_POINT('Ctrl Pts',(20.1425470403765,0.381728050066211,59.7304630722337));
#1433=CARTESIAN_POINT('Ctrl Pts',(20.5729650840848,-1.47497491216011,59.7100988071614));
#1434=CARTESIAN_POINT('Ctrl Pts',(17.0395599693654,2.86238315698585,64.8356054372838));
#1435=CARTESIAN_POINT('Ctrl Pts',(18.3141617760309,1.59488679003577,64.5484724086478));
#1436=CARTESIAN_POINT('Ctrl Pts',(19.1832573180643,0.00878156758697957,
64.427754237997));
#1437=CARTESIAN_POINT('Ctrl Pts',(19.5813104785847,-1.68431265178248,64.3684272956866));
#1438=CARTESIAN_POINT('',(23.6731078763652,-0.802236339259801,50.7099798041918));
#1439=CARTESIAN_POINT('',(19.5813104785847,-1.68431265178248,64.3684272956866));
#1440=CARTESIAN_POINT('Origin',(101.525878407094,16.9405985428883,82.6495779706447));
#1441=CARTESIAN_POINT('Ctrl Pts',(19.5813104785847,-1.68431265178248,64.3684272956866));
#1442=CARTESIAN_POINT('Ctrl Pts',(19.1832573180643,0.00878156758697957,
64.427754237997));
#1443=CARTESIAN_POINT('Ctrl Pts',(18.3141617760309,1.59488679003577,64.5484724086478));
#1444=CARTESIAN_POINT('Ctrl Pts',(17.0395599693654,2.86238315698585,64.8356054372838));
#1445=CARTESIAN_POINT('Ctrl Pts',(20.3796440306692,5.69269395847313,50.2992946964613));
#1446=CARTESIAN_POINT('Ctrl Pts',(22.0044669882794,3.83298571839231,50.5458656144004));
#1447=CARTESIAN_POINT('Ctrl Pts',(23.1511000252547,1.58450457630968,50.6565103611896));
#1448=CARTESIAN_POINT('Ctrl Pts',(23.6731078763652,-0.802236339259816,50.7099798041918));
#1449=CARTESIAN_POINT('Ctrl Pts',(23.6731078763652,-0.802236339259816,50.7099798041919));
#1450=CARTESIAN_POINT('Ctrl Pts',(23.8919844962899,-1.80299098906928,50.7323994113466));
#1451=CARTESIAN_POINT('Ctrl Pts',(24.0027398586795,-2.82646844174606,50.7431503533012));
#1452=CARTESIAN_POINT('Ctrl Pts',(24.0027398586795,-3.85,50.7431503533012));
#1453=CARTESIAN_POINT('Ctrl Pts',(21.9431873076551,-1.17959357999564,55.1362877229503));
#1454=CARTESIAN_POINT('Ctrl Pts',(22.1410224266034,-2.0555091072623,55.1437292436189));
#1455=CARTESIAN_POINT('Ctrl Pts',(22.2410723439844,-2.95275501523593,55.1473191400391));
#1456=CARTESIAN_POINT('Ctrl Pts',(22.2410723439844,-3.85,55.1473191400391));
#1457=CARTESIAN_POINT('Ctrl Pts',(20.5729650840848,-1.47497491216011,59.7100988071614));
#1458=CARTESIAN_POINT('Ctrl Pts',(20.753438320955,-2.2534859397473,59.7015601204409));
#1459=CARTESIAN_POINT('Ctrl Pts',(20.8446318738675,-3.05174733755151,59.697514996482));
#1460=CARTESIAN_POINT('Ctrl Pts',(20.8446318738675,-3.85,59.697514996482));
#1461=CARTESIAN_POINT('Ctrl Pts',(19.5813104785847,-1.68431265178248,64.3684272956866));
#1462=CARTESIAN_POINT('Ctrl Pts',(19.7482131988021,-2.39422293217724,64.3435516533457));
#1463=CARTESIAN_POINT('Ctrl Pts',(19.8324574419443,-3.12209544123171,64.3317007991629));
#1464=CARTESIAN_POINT('Ctrl Pts',(19.8324574419443,-3.85,64.3317007991629));
#1465=CARTESIAN_POINT('',(24.0027398586795,-3.85,50.7431503533012));
#1466=CARTESIAN_POINT('',(19.8324574419443,-3.85,64.3317007991628));
#1467=CARTESIAN_POINT('Origin',(103.851735274812,-3.85,82.6827485197541));
#1468=CARTESIAN_POINT('Ctrl Pts',(19.8324574419443,-3.85,64.3317007991629));
#1469=CARTESIAN_POINT('Ctrl Pts',(19.8324574419443,-3.12209544123171,64.3317007991629));
#1470=CARTESIAN_POINT('Ctrl Pts',(19.7482131988021,-2.39422293217724,64.3435516533457));
#1471=CARTESIAN_POINT('Ctrl Pts',(19.5813104785847,-1.68431265178248,64.3684272956866));
#1472=CARTESIAN_POINT('Ctrl Pts',(23.6731078763652,-0.802236339259816,50.7099798041919));
#1473=CARTESIAN_POINT('Ctrl Pts',(23.8919844962899,-1.80299098906928,50.7323994113466));
#1474=CARTESIAN_POINT('Ctrl Pts',(24.0027398586795,-2.82646844174606,50.7431503533012));
#1475=CARTESIAN_POINT('Ctrl Pts',(24.0027398586795,-3.85,50.7431503533012));
#1476=CARTESIAN_POINT('Origin',(103.851735274812,-8.25,82.6827485197541));
#1477=CARTESIAN_POINT('',(24.0027398586795,-6.65000000772738,50.7431503533012));
#1478=CARTESIAN_POINT('',(19.8324574419443,-6.65000004004124,64.3317007991628));
#1479=CARTESIAN_POINT('Origin',(103.851735274812,-6.64999938900915,82.6827485197541));
#1480=CARTESIAN_POINT('',(19.8324574419443,-8.25,64.3317007991628));
#1481=CARTESIAN_POINT('',(24.0027398586795,-8.25,50.7431503533012));
#1482=CARTESIAN_POINT('Ctrl Pts',(10.3,7.15,57.5));
#1483=CARTESIAN_POINT('Ctrl Pts',(11.0001639870128,7.15,57.5));
#1484=CARTESIAN_POINT('Ctrl Pts',(11.9149681632814,7.15,57.2605484856752));
#1485=CARTESIAN_POINT('Ctrl Pts',(13.4424121189352,7.15,56.4778922083071));
#1486=CARTESIAN_POINT('Ctrl Pts',(15.0638905611161,7.15,55.1383394390863));
#1487=CARTESIAN_POINT('Ctrl Pts',(16.9465875353108,7.15,52.9632979617501));
#1488=CARTESIAN_POINT('Ctrl Pts',(18.2668628601057,7.15,51.0696457750811));
#1489=CARTESIAN_POINT('Ctrl Pts',(18.9245442316598,7.15,50.0551538846699));
#1490=CARTESIAN_POINT('Ctrl Pts',(9.28114784199731,6.57813074639212,60.985663104158));
#1491=CARTESIAN_POINT('Ctrl Pts',(10.0827491539741,6.60030294649269,60.7993803439474));
#1492=CARTESIAN_POINT('Ctrl Pts',(11.0076838742525,6.59940517987084,60.4518038316025));
#1493=CARTESIAN_POINT('Ctrl Pts',(12.510950653378,6.54873133583566,59.7066418622556));
#1494=CARTESIAN_POINT('Ctrl Pts',(14.0741656481792,6.41649143811419,58.6652803833865));
#1495=CARTESIAN_POINT('Ctrl Pts',(15.8785154859726,6.12751248621723,57.0671574253202));
#1496=CARTESIAN_POINT('Ctrl Pts',(17.0655987240827,5.84255402917881,55.6764775180695));
#1497=CARTESIAN_POINT('Ctrl Pts',(17.6296301255179,5.6888853373405,54.9271715607482));
#1498=CARTESIAN_POINT('Ctrl Pts',(8.26230027321949,6.23919822272681,64.509526444593));
#1499=CARTESIAN_POINT('Ctrl Pts',(9.17142022016034,6.25673466519545,64.1349078155033));
#1500=CARTESIAN_POINT('Ctrl Pts',(10.1134822831308,6.24263154638251,63.68017256792));
#1501=CARTESIAN_POINT('Ctrl Pts',(11.6097785955765,6.14369853198981,62.9806471048515));
#1502=CARTESIAN_POINT('Ctrl Pts',(13.1453109085117,5.90953023729086,62.2564548813976));
#1503=CARTESIAN_POINT('Ctrl Pts',(14.9426343499594,5.38958767907006,61.2763600578928));
#1504=CARTESIAN_POINT('Ctrl Pts',(16.0845231594762,4.86636724399006,60.4344396136509));
#1505=CARTESIAN_POINT('Ctrl Pts',(16.610771189203,4.57985608004853,59.9780452668441));
#1506=CARTESIAN_POINT('Ctrl Pts',(7.25181465090034,6.13598260953866,68.0426846328231));
#1507=CARTESIAN_POINT('Ctrl Pts',(8.27270799280415,6.12179917520331,67.4824887585312));
#1508=CARTESIAN_POINT('Ctrl Pts',(9.23852657601868,6.08213149359188,66.9234398150008));
#1509=CARTESIAN_POINT('Ctrl Pts',(10.7452497993225,5.93775790177113,66.276792394843));
#1510=CARTESIAN_POINT('Ctrl Pts',(12.2851388239322,5.63326591303137,65.8819900573761));
#1511=CARTESIAN_POINT('Ctrl Pts',(14.1495942383984,4.94424470026312,65.5438804532602));
#1512=CARTESIAN_POINT('Ctrl Pts',(15.3379864523631,4.23552993728601,65.2741539248837));
#1513=CARTESIAN_POINT('Ctrl Pts',(15.8849594365317,3.84140805692947,65.1235390869336));
#1514=CARTESIAN_POINT('',(7.25181465090036,6.13598260953866,68.0426846328231));
#1515=CARTESIAN_POINT('Ctrl Pts',(15.8849594365317,3.84140805692947,65.1235390869336));
#1516=CARTESIAN_POINT('Ctrl Pts',(15.3379864523631,4.23552993728601,65.2741539248837));
#1517=CARTESIAN_POINT('Ctrl Pts',(14.1495942383984,4.94424470026312,65.5438804532602));
#1518=CARTESIAN_POINT('Ctrl Pts',(12.2851388239322,5.63326591303137,65.8819900573761));
#1519=CARTESIAN_POINT('Ctrl Pts',(10.7452497993225,5.93775790177113,66.276792394843));
#1520=CARTESIAN_POINT('Ctrl Pts',(9.23852657601868,6.08213149359188,66.9234398150008));
#1521=CARTESIAN_POINT('Ctrl Pts',(8.27270799280415,6.12179917520331,67.4824887585312));
#1522=CARTESIAN_POINT('Ctrl Pts',(7.25181465090034,6.13598260953866,68.0426846328231));
#1523=CARTESIAN_POINT('',(10.3,7.15,57.5));
#1524=CARTESIAN_POINT('Origin',(10.3,92.0154330515712,71.4232996437372));
#1525=CARTESIAN_POINT('Ctrl Pts',(10.3,7.15,57.5));
#1526=CARTESIAN_POINT('Ctrl Pts',(11.0001639870128,7.15,57.5));
#1527=CARTESIAN_POINT('Ctrl Pts',(11.6100334378585,7.15,57.3403656571168));
#1528=CARTESIAN_POINT('Ctrl Pts',(12.1527552449524,7.15,57.1132305922962));
#1529=CARTESIAN_POINT('Ctrl Pts',(12.4241161484994,7.15,56.9996630598859));
#1530=CARTESIAN_POINT('Ctrl Pts',(12.6786901411083,7.15,56.8692203469912));
#1531=CARTESIAN_POINT('Ctrl Pts',(12.9202918368832,7.15,56.729527288282));
#1532=CARTESIAN_POINT('Ctrl Pts',(13.6450969242078,7.15,56.3104481121545));
#1533=CARTESIAN_POINT('Ctrl Pts',(14.2531513400256,7.15,55.8081158236967));
#1534=CARTESIAN_POINT('Ctrl Pts',(14.8206664966975,7.15,55.2668431744997));
#1535=CARTESIAN_POINT('Ctrl Pts',(15.5773533722601,7.15,54.5451463089037));
#1536=CARTESIAN_POINT('Ctrl Pts',(16.2619704537854,7.15,53.7542221353269));
#1537=CARTESIAN_POINT('Ctrl Pts',(16.9343478257468,7.15,52.8853470018712));
#1538=CARTESIAN_POINT('Ctrl Pts',(17.6067251977082,7.15,52.0164718684156));
#1539=CARTESIAN_POINT('Ctrl Pts',(18.2668628601057,7.15,51.0696457750811));
#1540=CARTESIAN_POINT('Ctrl Pts',(18.9245442316598,7.15,50.0551538846699));
#1541=CARTESIAN_POINT('Ctrl Pts',(-10.3000000000001,7.15,57.5));
#1542=CARTESIAN_POINT('Ctrl Pts',(-9.35000630460231,7.15,57.5));
#1543=CARTESIAN_POINT('Ctrl Pts',(-7.89572123339791,7.15,57.5));
#1544=CARTESIAN_POINT('Ctrl Pts',(-4.94660189615284,7.15,57.5));
#1545=CARTESIAN_POINT('Ctrl Pts',(-1.99101109767115,7.15,57.5));
#1546=CARTESIAN_POINT('Ctrl Pts',(1.49248542106657,7.15,57.5));
#1547=CARTESIAN_POINT('Ctrl Pts',(4.47310931486341,7.15,57.5));
#1548=CARTESIAN_POINT('Ctrl Pts',(7.4236215291959,7.15,57.5));
#1549=CARTESIAN_POINT('Ctrl Pts',(9.35348331378203,7.15,57.5));
#1550=CARTESIAN_POINT('Ctrl Pts',(10.2999999999999,7.15,57.5));
#1551=CARTESIAN_POINT('Ctrl Pts',(-9.28114784199738,6.57813074639212,60.985663104158));
#1552=CARTESIAN_POINT('Ctrl Pts',(-8.53750850516411,6.57940792120113,61.0473947876097));
#1553=CARTESIAN_POINT('Ctrl Pts',(-7.35891727984356,6.5718725011014,61.1706510712775));
#1554=CARTESIAN_POINT('Ctrl Pts',(-4.81001752965149,6.5386180165431,61.4645475824011));
#1555=CARTESIAN_POINT('Ctrl Pts',(-1.9974298944186,6.49556875543187,61.7528515645461));
#1556=CARTESIAN_POINT('Ctrl Pts',(1.49556937817724,6.49572366732703,61.7523801453108));
#1557=CARTESIAN_POINT('Ctrl Pts',(4.36975152320813,6.53027367729699,61.5200720459442));
#1558=CARTESIAN_POINT('Ctrl Pts',(6.97938371271448,6.56953234457471,61.2098966161902));
#1559=CARTESIAN_POINT('Ctrl Pts',(8.54023025038504,6.57940324669798,61.0471688475522));
#1560=CARTESIAN_POINT('Ctrl Pts',(9.28114784199728,6.57813074639212,60.985663104158));
#1561=CARTESIAN_POINT('Ctrl Pts',(-8.26230027321955,6.23919822272681,64.5095264445929));
#1562=CARTESIAN_POINT('Ctrl Pts',(-7.72501424057061,6.24201943304223,64.6322708659452));
#1563=CARTESIAN_POINT('Ctrl Pts',(-6.82211606290205,6.23598070946828,64.8794498854989));
#1564=CARTESIAN_POINT('Ctrl Pts',(-4.67343404383958,6.20406815473959,65.4717711777169));
#1565=CARTESIAN_POINT('Ctrl Pts',(-2.0038486026728,6.16096136541469,66.0548745139624));
#1566=CARTESIAN_POINT('Ctrl Pts',(1.4986532507615,6.16113588986002,66.0539072060743));
#1567=CARTESIAN_POINT('Ctrl Pts',(4.26639442286867,6.19568991228136,65.5840767584027));
#1568=CARTESIAN_POINT('Ctrl Pts',(6.53514827533955,6.23411881944686,64.9581387206867));
#1569=CARTESIAN_POINT('Ctrl Pts',(7.72698072569181,6.24200910731672,64.6318216171954));
#1570=CARTESIAN_POINT('Ctrl Pts',(8.26230027321948,6.23919822272681,64.509526444593));
#1571=CARTESIAN_POINT('Ctrl Pts',(-7.25181465090038,6.13598260953866,68.0426846328231));
#1572=CARTESIAN_POINT('Ctrl Pts',(-6.91919315050184,6.14060377319578,68.2252043776157));
#1573=CARTESIAN_POINT('Ctrl Pts',(-6.28999304126132,6.1451870292659,68.5948315404005));
#1574=CARTESIAN_POINT('Ctrl Pts',(-4.53833980861466,6.14960489886379,69.4828698364051));
#1575=CARTESIAN_POINT('Ctrl Pts',(-2.01019285020844,6.14993471305665,70.3578157207756));
#1576=CARTESIAN_POINT('Ctrl Pts',(1.50170379762327,6.14999189307266,70.3563074623028));
#1577=CARTESIAN_POINT('Ctrl Pts',(4.16418105783994,6.14960037858706,69.6514778116822));
#1578=CARTESIAN_POINT('Ctrl Pts',(6.09492713667059,6.14665072033242,68.7125333861446));
#1579=CARTESIAN_POINT('Ctrl Pts',(6.92041055648593,6.14058685957993,68.2245363491525));
#1580=CARTESIAN_POINT('Ctrl Pts',(7.25181465090035,6.13598260953866,68.0426846328231));
#1581=CARTESIAN_POINT('',(-7.25181465090039,6.13598260953866,68.0426846328231));
#1582=CARTESIAN_POINT('',(-10.3,7.15,57.5));
#1583=CARTESIAN_POINT('Origin',(-10.3000000000001,92.0154330515712,71.4232996437372));
#1584=CARTESIAN_POINT('',(-12.5000000484288,7.15,57.5));
#1585=CARTESIAN_POINT('Ctrl Pts',(7.25181465090035,6.13598260953866,68.0426846328231));
#1586=CARTESIAN_POINT('Ctrl Pts',(6.92041055648593,6.14058685957993,68.2245363491525));
#1587=CARTESIAN_POINT('Ctrl Pts',(6.09492713667059,6.14665072033242,68.7125333861446));
#1588=CARTESIAN_POINT('Ctrl Pts',(4.16418105783994,6.14960037858706,69.6514778116822));
#1589=CARTESIAN_POINT('Ctrl Pts',(1.50170379762327,6.14999189307266,70.3563074623028));
#1590=CARTESIAN_POINT('Ctrl Pts',(-2.01019285020844,6.14993471305665,70.3578157207756));
#1591=CARTESIAN_POINT('Ctrl Pts',(-4.53833980861466,6.14960489886379,69.4828698364051));
#1592=CARTESIAN_POINT('Ctrl Pts',(-6.28999304126132,6.1451870292659,68.5948315404005));
#1593=CARTESIAN_POINT('Ctrl Pts',(-6.91919315050184,6.14060377319578,68.2252043776157));
#1594=CARTESIAN_POINT('Ctrl Pts',(-7.25181465090038,6.13598260953866,68.0426846328231));
#1595=CARTESIAN_POINT('Origin',(-103.851735274812,-8.25,82.682748519754));
#1596=CARTESIAN_POINT('',(-19.8324574419443,-6.65000034738895,64.3317007991628));
#1597=CARTESIAN_POINT('',(-24.0027398586796,-6.65000037970282,50.7431503533011));
#1598=CARTESIAN_POINT('Origin',(-103.851735274812,-6.65000099842104,82.682748519754));
#1599=CARTESIAN_POINT('',(-24.0027398586796,-3.85,50.7431503533011));
#1600=CARTESIAN_POINT('',(-24.0027398586796,-8.25,50.7431503533011));
#1601=CARTESIAN_POINT('',(-19.8324574419443,-3.85,64.3317007991628));
#1602=CARTESIAN_POINT('Origin',(-103.851735274812,-3.85,82.682748519754));
#1603=CARTESIAN_POINT('',(-19.8324574419443,-8.25,64.3317007991628));
#1604=CARTESIAN_POINT('Ctrl Pts',(-24.0027398586795,-3.85,50.7431503533013));
#1605=CARTESIAN_POINT('Ctrl Pts',(-24.0027398586795,-2.82646871324504,50.7431503533013));
#1606=CARTESIAN_POINT('Ctrl Pts',(-23.891984555281,-1.8029915320166,50.732399416965));
#1607=CARTESIAN_POINT('Ctrl Pts',(-23.6731080505457,-0.802237135653829,
50.7099798220333));
#1608=CARTESIAN_POINT('Ctrl Pts',(-22.2410723439844,-3.85,55.1473191400391));
#1609=CARTESIAN_POINT('Ctrl Pts',(-22.2410723439844,-2.95275525323649,55.1473191400391));
#1610=CARTESIAN_POINT('Ctrl Pts',(-22.1410224798813,-2.05550958323932,55.1437292454996));
#1611=CARTESIAN_POINT('Ctrl Pts',(-21.9431874650915,-1.17959427705474,55.1362877288716));
#1612=CARTESIAN_POINT('Ctrl Pts',(-20.8446318738675,-3.85,59.697514996482));
#1613=CARTESIAN_POINT('Ctrl Pts',(-20.8446318738675,-3.05174754929365,59.697514996482));
#1614=CARTESIAN_POINT('Ctrl Pts',(-20.7534383695021,-2.25348636321521,59.7015601183371));
#1615=CARTESIAN_POINT('Ctrl Pts',(-20.5729652277047,-1.47497553170543,59.7100988003658));
#1616=CARTESIAN_POINT('Ctrl Pts',(-19.8324574419443,-3.85,64.3317007991628));
#1617=CARTESIAN_POINT('Ctrl Pts',(-19.8324574419443,-3.1220956343135,64.3317007991628));
#1618=CARTESIAN_POINT('Ctrl Pts',(-19.7482132436324,-2.3942233183126,64.3435516471683));
#1619=CARTESIAN_POINT('Ctrl Pts',(-19.5813106114048,-1.68431321672444,64.3684272758907));
#1620=CARTESIAN_POINT('',(-23.6731080505457,-0.802237135653828,50.7099798220333));
#1621=CARTESIAN_POINT('',(-19.5813106114048,-1.68431321672445,64.3684272758907));
#1622=CARTESIAN_POINT('Origin',(-101.52587963579,16.9405931194453,82.6495779884862));
#1623=CARTESIAN_POINT('Ctrl Pts',(-19.5813106114048,-1.68431321672444,64.3684272758907));
#1624=CARTESIAN_POINT('Ctrl Pts',(-19.7482132436324,-2.3942233183126,64.3435516471683));
#1625=CARTESIAN_POINT('Ctrl Pts',(-19.8324574419443,-3.1220956343135,64.3317007991628));
#1626=CARTESIAN_POINT('Ctrl Pts',(-19.8324574419443,-3.85,64.3317007991628));
#1627=CARTESIAN_POINT('Ctrl Pts',(-24.0027398586795,-3.85,50.7431503533013));
#1628=CARTESIAN_POINT('Ctrl Pts',(-24.0027398586795,-2.82646871324504,50.7431503533013));
#1629=CARTESIAN_POINT('Ctrl Pts',(-23.891984555281,-1.8029915320166,50.732399416965));
#1630=CARTESIAN_POINT('Ctrl Pts',(-23.6731080505457,-0.802237135653829,
50.7099798220333));
#1631=CARTESIAN_POINT('Ctrl Pts',(-23.6731080505457,-0.802237135653825,
50.7099798220332));
#1632=CARTESIAN_POINT('Ctrl Pts',(-23.1511294651591,1.58437062183329,50.6565133777405));
#1633=CARTESIAN_POINT('Ctrl Pts',(-22.0045939955376,3.83284035089665,50.5458848880671));
#1634=CARTESIAN_POINT('Ctrl Pts',(-20.3796440306689,5.69269395847359,50.2992946964612));
#1635=CARTESIAN_POINT('Ctrl Pts',(-21.9431874650915,-1.17959427705474,55.1362877288715));
#1636=CARTESIAN_POINT('Ctrl Pts',(-21.4713888072831,0.909296136256642,55.1185411355252));
#1637=CARTESIAN_POINT('Ctrl Pts',(-20.4366174148899,2.87121982807206,55.0812564099159));
#1638=CARTESIAN_POINT('Ctrl Pts',(-18.9577388490869,4.45772764771525,55.0033063656489));
#1639=CARTESIAN_POINT('Ctrl Pts',(-20.5729652277047,-1.47497553170544,59.7100988003658));
#1640=CARTESIAN_POINT('Ctrl Pts',(-20.1425713150752,0.381623846244878,59.7304619232684));
#1641=CARTESIAN_POINT('Ctrl Pts',(-19.2005152453798,2.12166973655126,59.7712777425782));
#1642=CARTESIAN_POINT('Ctrl Pts',(-17.8385770435035,3.50937554375105,59.8739873055979));
#1643=CARTESIAN_POINT('Ctrl Pts',(-19.5813106114048,-1.68431321672444,64.3684272758907));
#1644=CARTESIAN_POINT('Ctrl Pts',(-19.1832797676065,0.00868654597995955,
64.4277508908527));
#1645=CARTESIAN_POINT('Ctrl Pts',(-18.3142614076125,1.59478771386406,64.5484499643695));
#1646=CARTESIAN_POINT('Ctrl Pts',(-17.0395599693652,2.86238315698614,64.8356054372839));
#1647=CARTESIAN_POINT('',(-20.379644030669,5.69269395847343,50.2992946964612));
#1648=CARTESIAN_POINT('',(-17.0395599693653,2.86238315698604,64.8356054372839));
#1649=CARTESIAN_POINT('Origin',(-78.3647370540561,60.588878307066,82.2388928629142));
#1650=CARTESIAN_POINT('Ctrl Pts',(-17.0395599693652,2.86238315698614,64.8356054372839));
#1651=CARTESIAN_POINT('Ctrl Pts',(-18.3142614076125,1.59478771386406,64.5484499643695));
#1652=CARTESIAN_POINT('Ctrl Pts',(-19.1832797676065,0.00868654597995955,
64.4277508908527));
#1653=CARTESIAN_POINT('Ctrl Pts',(-19.5813106114048,-1.68431321672444,64.3684272758907));
#1654=CARTESIAN_POINT('Ctrl Pts',(-23.6731080505457,-0.802237135653825,
50.7099798220332));
#1655=CARTESIAN_POINT('Ctrl Pts',(-23.1511294651591,1.58437062183329,50.6565133777405));
#1656=CARTESIAN_POINT('Ctrl Pts',(-22.0045939955376,3.83284035089665,50.5458848880671));
#1657=CARTESIAN_POINT('Ctrl Pts',(-20.3796440306689,5.69269395847359,50.2992946964612));
#1658=CARTESIAN_POINT('Ctrl Pts',(-20.379644030669,5.6926939584734,50.2992946964613));
#1659=CARTESIAN_POINT('Ctrl Pts',(-19.9290894478855,6.20838095457611,50.2309219198838));
#1660=CARTESIAN_POINT('Ctrl Pts',(-19.4425123254236,6.69505462971071,50.1512267676629));
#1661=CARTESIAN_POINT('Ctrl Pts',(-18.9245442316598,7.15,50.0551538846699));
#1662=CARTESIAN_POINT('Ctrl Pts',(-18.957738849087,4.4577276477151,55.003306365649));
#1663=CARTESIAN_POINT('Ctrl Pts',(-18.5476859061603,4.89762326555959,54.9816929311236));
#1664=CARTESIAN_POINT('Ctrl Pts',(-18.1039937184321,5.30930367660824,54.9567455195495));
#1665=CARTESIAN_POINT('Ctrl Pts',(-17.6296301255179,5.6888853373405,54.9271715607481));
#1666=CARTESIAN_POINT('Ctrl Pts',(-17.8385770435036,3.50937554375092,59.8739873055979));
#1667=CARTESIAN_POINT('Ctrl Pts',(-17.4609484939544,3.89414875185394,59.902465883594));
#1668=CARTESIAN_POINT('Ctrl Pts',(-17.0512790585361,4.25234374769068,59.9362020035033));
#1669=CARTESIAN_POINT('Ctrl Pts',(-16.6107711892029,4.57985608004854,59.9780452668441));
#1670=CARTESIAN_POINT('Ctrl Pts',(-17.0395599693653,2.86238315698603,64.8356054372839));
#1671=CARTESIAN_POINT('Ctrl Pts',(-16.6861198099141,3.21385301658914,64.915225866891));
#1672=CARTESIAN_POINT('Ctrl Pts',(-16.3014613658112,3.54129721363204,65.0088508438207));
#1673=CARTESIAN_POINT('Ctrl Pts',(-15.8849594365317,3.84140805692949,65.1235390869336));
#1674=CARTESIAN_POINT('',(-18.9245442316598,7.15,50.0551538846699));
#1675=CARTESIAN_POINT('',(-15.8849594365316,3.84140805692949,65.1235390869336));
#1676=CARTESIAN_POINT('Origin',(-68.1922667555488,69.9875173465231,81.9947520511228));
#1677=CARTESIAN_POINT('Ctrl Pts',(-15.8849594365317,3.84140805692949,65.1235390869336));
#1678=CARTESIAN_POINT('Ctrl Pts',(-16.3014613658112,3.54129721363204,65.0088508438207));
#1679=CARTESIAN_POINT('Ctrl Pts',(-16.6861198099141,3.21385301658914,64.915225866891));
#1680=CARTESIAN_POINT('Ctrl Pts',(-17.0395599693653,2.86238315698603,64.8356054372839));
#1681=CARTESIAN_POINT('Ctrl Pts',(-20.379644030669,5.6926939584734,50.2992946964613));
#1682=CARTESIAN_POINT('Ctrl Pts',(-19.9290894478855,6.20838095457611,50.2309219198838));
#1683=CARTESIAN_POINT('Ctrl Pts',(-19.4425123254236,6.69505462971071,50.1512267676629));
#1684=CARTESIAN_POINT('Ctrl Pts',(-18.9245442316598,7.15,50.0551538846699));
#1685=CARTESIAN_POINT('Ctrl Pts',(-18.9245442316599,7.15,50.0551538846698));
#1686=CARTESIAN_POINT('Ctrl Pts',(-17.932177610641,7.15,51.5859071230647));
#1687=CARTESIAN_POINT('Ctrl Pts',(-16.3023874995908,7.15,53.8384825715671));
#1688=CARTESIAN_POINT('Ctrl Pts',(-14.1263624448433,7.15,56.0065332589788));
#1689=CARTESIAN_POINT('Ctrl Pts',(-12.4571506225745,7.15,57.0347531554916));
#1690=CARTESIAN_POINT('Ctrl Pts',(-11.3047418545659,7.15,57.4167420652393));
#1691=CARTESIAN_POINT('Ctrl Pts',(-10.6495835553951,7.15,57.5));
#1692=CARTESIAN_POINT('Ctrl Pts',(-10.3,7.15,57.5));
#1693=CARTESIAN_POINT('Ctrl Pts',(-17.6296301255179,5.6888853373405,54.9271715607481));
#1694=CARTESIAN_POINT('Ctrl Pts',(-16.7785706912696,5.92075397019446,56.0577892931909));
#1695=CARTESIAN_POINT('Ctrl Pts',(-15.2740387424692,6.25829697210232,57.7059462778514));
#1696=CARTESIAN_POINT('Ctrl Pts',(-13.1688475307211,6.50967178958538,59.3176060501822));
#1697=CARTESIAN_POINT('Ctrl Pts',(-11.5493861626556,6.5882965148579,60.2106359225166));
#1698=CARTESIAN_POINT('Ctrl Pts',(-10.3849703365997,6.59934371941925,60.6809211480581));
#1699=CARTESIAN_POINT('Ctrl Pts',(-9.6813778478934,6.58920106232649,60.8926543364533));
#1700=CARTESIAN_POINT('Ctrl Pts',(-9.28114784199733,6.57813074639212,60.985663104158));
#1701=CARTESIAN_POINT('Ctrl Pts',(-16.610771189203,4.57985608004853,59.9780452668441));
#1702=CARTESIAN_POINT('Ctrl Pts',(-15.8167225789415,5.01216894147657,60.6666925896695));
#1703=CARTESIAN_POINT('Ctrl Pts',(-14.3432252042587,5.6272706704031,61.6597785606499));
#1704=CARTESIAN_POINT('Ctrl Pts',(-12.2512237038351,6.0741078559235,62.6797373272619));
#1705=CARTESIAN_POINT('Ctrl Pts',(-10.6601052502162,6.21794230361018,63.4256200027878));
#1706=CARTESIAN_POINT('Ctrl Pts',(-9.47351391266721,6.25135856886706,63.9816363767261));
#1707=CARTESIAN_POINT('Ctrl Pts',(-8.71621305540696,6.24795395998392,64.322483816432));
#1708=CARTESIAN_POINT('Ctrl Pts',(-8.26230027321953,6.23919822272681,64.5095264445929));
#1709=CARTESIAN_POINT('Ctrl Pts',(-15.8849594365317,3.84140805692948,65.1235390869336));
#1710=CARTESIAN_POINT('Ctrl Pts',(-15.0596392198365,4.43609328840308,65.3507998005202));
#1711=CARTESIAN_POINT('Ctrl Pts',(-13.5193154458192,5.26289118663379,65.6613442051845));
#1712=CARTESIAN_POINT('Ctrl Pts',(-11.3802953977253,5.84650344870886,66.0680355035524));
#1713=CARTESIAN_POINT('Ctrl Pts',(-9.79537023288845,6.04146513493534,66.6577810118802));
#1714=CARTESIAN_POINT('Ctrl Pts',(-8.57689688924942,6.10853919246948,67.2952635563173));
#1715=CARTESIAN_POINT('Ctrl Pts',(-7.76153456046744,6.12890098938304,67.7629854922141));
#1716=CARTESIAN_POINT('Ctrl Pts',(-7.25181465090038,6.13598260953866,68.0426846328231));
#1717=CARTESIAN_POINT('Ctrl Pts',(-18.9245442316598,7.15,50.0551538846699));
#1718=CARTESIAN_POINT('Ctrl Pts',(-17.9321776106409,7.15,51.5859071230647));
#1719=CARTESIAN_POINT('Ctrl Pts',(-16.9543035440108,7.15,52.9374523921662));
#1720=CARTESIAN_POINT('Ctrl Pts',(-15.9103464009346,7.15,54.1284857060302));
#1721=CARTESIAN_POINT('Ctrl Pts',(-15.214374972217,7.15,54.922507915273));
#1722=CARTESIAN_POINT('Ctrl Pts',(-14.4890332873012,7.15,55.6451914777435));
#1723=CARTESIAN_POINT('Ctrl Pts',(-13.6113625076554,7.15,56.2777888162862));
#1724=CARTESIAN_POINT('Ctrl Pts',(-13.1725271178325,7.15,56.5940874855576));
#1725=CARTESIAN_POINT('Ctrl Pts',(-12.6956094543272,7.15,56.887864598847));
#1726=CARTESIAN_POINT('Ctrl Pts',(-12.1525006438225,7.15,57.1131199398593));
#1727=CARTESIAN_POINT('Ctrl Pts',(-11.8809462385702,7.15,57.2257476103655));
#1728=CARTESIAN_POINT('Ctrl Pts',(-11.592844046568,7.15,57.3212448378024));
#1729=CARTESIAN_POINT('Ctrl Pts',(-11.2850033757743,7.15,57.389807935211));
#1730=CARTESIAN_POINT('Ctrl Pts',(-10.9771627049805,7.15,57.4583710326196));
#1731=CARTESIAN_POINT('Ctrl Pts',(-10.6495835553951,7.15,57.5));
#1732=CARTESIAN_POINT('Ctrl Pts',(-10.3,7.15,57.5));
#1733=CARTESIAN_POINT('Ctrl Pts',(-7.25181465090038,6.13598260953866,68.0426846328231));
#1734=CARTESIAN_POINT('Ctrl Pts',(-7.76153456046744,6.12890098938304,67.7629854922141));
#1735=CARTESIAN_POINT('Ctrl Pts',(-8.57689688924942,6.10853919246948,67.2952635563173));
#1736=CARTESIAN_POINT('Ctrl Pts',(-9.79537023288845,6.04146513493534,66.6577810118802));
#1737=CARTESIAN_POINT('Ctrl Pts',(-11.3802953977253,5.84650344870886,66.0680355035524));
#1738=CARTESIAN_POINT('Ctrl Pts',(-13.5193154458192,5.26289118663379,65.6613442051845));
#1739=CARTESIAN_POINT('Ctrl Pts',(-15.0596392198365,4.43609328840308,65.3507998005202));
#1740=CARTESIAN_POINT('Ctrl Pts',(-15.8849594365317,3.84140805692948,65.1235390869336));
#1741=CARTESIAN_POINT('Origin',(23.3,-3.20000011506677,52.5));
#1742=CARTESIAN_POINT('',(25.9,-3.85,46.));
#1743=CARTESIAN_POINT('',(26.3,-3.85,45.));
#1744=CARTESIAN_POINT('',(25.9,-5.75,46.));
#1745=CARTESIAN_POINT('',(25.9,1.52499994246662,46.));
#1746=CARTESIAN_POINT('',(24.9999999992251,-6.65,48.2500000019371));
#1747=CARTESIAN_POINT('Origin',(25.,-5.75,48.25));
#1748=CARTESIAN_POINT('',(18.3310344845488,-6.65000005167517,64.9224137886279));
#1749=CARTESIAN_POINT('Ctrl Pts',(26.3,-3.85,45.));
#1750=CARTESIAN_POINT('Ctrl Pts',(26.3,-2.65493181172363,45.));
#1751=CARTESIAN_POINT('Ctrl Pts',(26.1655499599837,-1.45991371664322,45.));
#1752=CARTESIAN_POINT('Ctrl Pts',(25.9,-0.29472223307376,45.));
#1753=CARTESIAN_POINT('Ctrl Pts',(25.5342466195598,-3.85,46.9143834511004));
#1754=CARTESIAN_POINT('Ctrl Pts',(25.5342466195598,-2.71212728078795,46.9143834511004));
#1755=CARTESIAN_POINT('Ctrl Pts',(25.4062313028337,-1.57430225733223,46.9143834511004));
#1756=CARTESIAN_POINT('Ctrl Pts',(25.1533904540708,-0.464876356100483,46.9143834511004));
#1757=CARTESIAN_POINT('Ctrl Pts',(24.7684932391196,-3.85,48.8287669022009));
#1758=CARTESIAN_POINT('Ctrl Pts',(24.7684932391196,-2.76932274985227,48.8287669022009));
#1759=CARTESIAN_POINT('Ctrl Pts',(24.6469126456837,-1.68869079802124,48.8287669022009));
#1760=CARTESIAN_POINT('Ctrl Pts',(24.4067809081417,-0.635030479127205,48.8287669022009));
#1761=CARTESIAN_POINT('Ctrl Pts',(24.0027398586795,-3.85,50.7431503533013));
#1762=CARTESIAN_POINT('Ctrl Pts',(24.0027398586795,-2.82651821891659,50.7431503533013));
#1763=CARTESIAN_POINT('Ctrl Pts',(23.8875939885337,-1.80307933871025,50.7431503533013));
#1764=CARTESIAN_POINT('Ctrl Pts',(23.6601713622125,-0.805184602153928,50.7431503533013));
#1765=CARTESIAN_POINT('',(25.9,-0.294722233073759,45.));
#1766=CARTESIAN_POINT('',(25.9,-0.294722233073759,45.));
#1767=CARTESIAN_POINT('Ctrl Pts',(25.9,-0.294722233073761,45.));
#1768=CARTESIAN_POINT('Ctrl Pts',(25.9,-1.17817251753456,45.490767367895));
#1769=CARTESIAN_POINT('Ctrl Pts',(25.9000000000885,-2.12463119070204,45.8426426017403));
#1770=CARTESIAN_POINT('Ctrl Pts',(25.9000000000885,-3.37043316484603,45.9861869345706));
#1771=CARTESIAN_POINT('Ctrl Pts',(25.9,-3.6102873417425,46.));
#1772=CARTESIAN_POINT('Ctrl Pts',(25.9,-3.85,46.));
#1773=CARTESIAN_POINT('Origin',(10.3,-3.85,52.5));
#1774=CARTESIAN_POINT('',(21.9189500386222,7.15,45.));
#1775=CARTESIAN_POINT('',(17.5618437741389,3.025,60.));
#1776=CARTESIAN_POINT('',(25.,7.15,39.0999727668926));
#1777=CARTESIAN_POINT('Ctrl Pts',(21.9189500385665,7.15,45.0000000001012));
#1778=CARTESIAN_POINT('Ctrl Pts',(23.3536643503877,7.15,42.3953322018654));
#1779=CARTESIAN_POINT('Ctrl Pts',(25.,7.15,39.0999727668927));
#1780=CARTESIAN_POINT('',(25.9,6.25,38.5396674570661));
#1781=CARTESIAN_POINT('Ctrl Pts',(25.9,6.25,38.5396674570661));
#1782=CARTESIAN_POINT('Ctrl Pts',(25.9,6.32150488532704,38.4425147756449));
#1783=CARTESIAN_POINT('Ctrl Pts',(25.8916169323063,6.40050319448064,38.3520855998294));
#1784=CARTESIAN_POINT('Ctrl Pts',(25.8579167900462,6.52518245037388,38.2498921065065));
#1785=CARTESIAN_POINT('Ctrl Pts',(25.842175577137,6.57166322102339,38.2180832437863));
#1786=CARTESIAN_POINT('Ctrl Pts',(25.7993219334579,6.66690696704998,38.173747734316));
#1787=CARTESIAN_POINT('Ctrl Pts',(25.7719641592147,6.715737543168,38.161604648743));
#1788=CARTESIAN_POINT('Ctrl Pts',(25.7116057131453,6.80358597457591,38.161604648743));
#1789=CARTESIAN_POINT('Ctrl Pts',(25.6758346462267,6.84663598905984,38.173747734316));
#1790=CARTESIAN_POINT('Ctrl Pts',(25.6022950854778,6.92079621383438,38.2180832437863));
#1791=CARTESIAN_POINT('Ctrl Pts',(25.5645514750786,6.95215969097037,38.2498921065065));
#1792=CARTESIAN_POINT('Ctrl Pts',(25.390873963452,7.07899963289174,38.4200623514992));
#1793=CARTESIAN_POINT('Ctrl Pts',(25.250011338595,7.12150047298493,38.6406339648036));
#1794=CARTESIAN_POINT('Ctrl Pts',(25.093500770058,7.14646236461852,38.9179650031201));
#1795=CARTESIAN_POINT('Ctrl Pts',(25.0461718527625,7.15,39.0075536719972));
#1796=CARTESIAN_POINT('Ctrl Pts',(25.,7.15,39.0999727668926));
#1797=CARTESIAN_POINT('Ctrl Pts',(25.9,6.25000000000657,38.5396674570572));
#1798=CARTESIAN_POINT('Ctrl Pts',(25.9,2.73312743652021,43.317992716891));
#1799=CARTESIAN_POINT('Ctrl Pts',(25.9,-0.294722233075388,45.0000000000009));
#1800=CARTESIAN_POINT('Ctrl Pts',(21.9189500386222,7.15,45.));
#1801=CARTESIAN_POINT('Ctrl Pts',(21.3769561937823,7.72249085494879,45.));
#1802=CARTESIAN_POINT('Ctrl Pts',(20.7925779853696,8.25484656357863,45.));
#1803=CARTESIAN_POINT('Ctrl Pts',(20.1721788076947,8.74127021348139,45.));
#1804=CARTESIAN_POINT('Ctrl Pts',(21.4058480359712,6.66423131949105,46.7664315654871));
#1805=CARTESIAN_POINT('Ctrl Pts',(20.8877890670269,7.21144052651147,46.7664315654871));
#1806=CARTESIAN_POINT('Ctrl Pts',(20.3292174614523,7.72028698694654,46.7664315654871));
#1807=CARTESIAN_POINT('Ctrl Pts',(19.7362156010436,8.18522978461461,46.7664315654871));
#1808=CARTESIAN_POINT('Ctrl Pts',(20.8927460333202,6.17846263898209,48.5328631309742));
#1809=CARTESIAN_POINT('Ctrl Pts',(20.3986219402715,6.70039019807416,48.5328631309742));
#1810=CARTESIAN_POINT('Ctrl Pts',(19.865856937535,7.18572741031446,48.5328631309742));
#1811=CARTESIAN_POINT('Ctrl Pts',(19.3002523943925,7.62918935574783,48.5328631309742));
#1812=CARTESIAN_POINT('Ctrl Pts',(20.3796440306692,5.69269395847313,50.2992946964613));
#1813=CARTESIAN_POINT('Ctrl Pts',(19.9094548135161,6.18933986963685,50.2992946964613));
#1814=CARTESIAN_POINT('Ctrl Pts',(19.4024964136177,6.65116783368237,50.2992946964613));
#1815=CARTESIAN_POINT('Ctrl Pts',(18.8642891877413,7.07314892688105,50.2992946964613));
#1816=CARTESIAN_POINT('Ctrl Pts',(18.9245442316598,7.15,50.0551538846699));
#1817=CARTESIAN_POINT('Ctrl Pts',(19.9829957672651,7.15,48.4224628191962));
#1818=CARTESIAN_POINT('Ctrl Pts',(21.0048049355422,7.15,46.6595947313653));
#1819=CARTESIAN_POINT('Ctrl Pts',(21.9189500386222,7.15,45.));
#1820=CARTESIAN_POINT('Ctrl Pts',(-20.1721788079373,8.74127021329118,45.));
#1821=CARTESIAN_POINT('Ctrl Pts',(-20.792577985522,8.25484656343987,45.));
#1822=CARTESIAN_POINT('Ctrl Pts',(-21.3769561938529,7.72249085487416,45.));
#1823=CARTESIAN_POINT('Ctrl Pts',(-21.9189500386222,7.15,45.));
#1824=CARTESIAN_POINT('Ctrl Pts',(-19.7362156012755,8.1852297844328,46.7664315654871));
#1825=CARTESIAN_POINT('Ctrl Pts',(-20.3292174615979,7.72028698681391,46.7664315654871));
#1826=CARTESIAN_POINT('Ctrl Pts',(-20.8877890670944,7.21144052644015,46.7664315654871));
#1827=CARTESIAN_POINT('Ctrl Pts',(-21.4058480359713,6.66423131949105,46.7664315654871));
#1828=CARTESIAN_POINT('Ctrl Pts',(-19.3002523946136,7.62918935557443,48.5328631309742));
#1829=CARTESIAN_POINT('Ctrl Pts',(-19.8658569376739,7.18572741018796,48.5328631309742));
#1830=CARTESIAN_POINT('Ctrl Pts',(-20.3986219403359,6.70039019800614,48.5328631309742));
#1831=CARTESIAN_POINT('Ctrl Pts',(-20.8927460333203,6.1784626389821,48.5328631309742));
#1832=CARTESIAN_POINT('Ctrl Pts',(-18.8642891879518,7.07314892671605,50.2992946964613));
#1833=CARTESIAN_POINT('Ctrl Pts',(-19.4024964137499,6.651167833562,50.2992946964613));
#1834=CARTESIAN_POINT('Ctrl Pts',(-19.9094548135774,6.18933986957213,50.2992946964613));
#1835=CARTESIAN_POINT('Ctrl Pts',(-20.3796440306693,5.69269395847314,50.2992946964613));
#1836=CARTESIAN_POINT('',(-21.9189500386222,7.15,45.));
#1837=CARTESIAN_POINT('',(-21.9189500386222,7.15,45.));
#1838=CARTESIAN_POINT('Ctrl Pts',(-21.9189500386222,7.15,45.));
#1839=CARTESIAN_POINT('Ctrl Pts',(-20.9208905070177,7.15,46.8119380989507));
#1840=CARTESIAN_POINT('Ctrl Pts',(-19.9201205151301,7.15,48.5194496522699));
#1841=CARTESIAN_POINT('Ctrl Pts',(-18.9245442316598,7.15,50.0551538846699));
#1842=CARTESIAN_POINT('Origin',(-10.3,-3.85,52.5));
#1843=CARTESIAN_POINT('',(-25.9000002113019,-0.294723160233625,45.));
#1844=CARTESIAN_POINT('',(-20.0500001320637,-1.62795197514602,60.));
#1845=CARTESIAN_POINT('',(-25.9,6.24999999677142,38.5396674614528));
#1846=CARTESIAN_POINT('Ctrl Pts',(-25.9000002113019,-0.294723160235245,
45.0000000000009));
#1847=CARTESIAN_POINT('Ctrl Pts',(-25.9000001135452,2.73312693696146,43.3179931562762));
#1848=CARTESIAN_POINT('Ctrl Pts',(-25.9,6.249999996778,38.5396674614438));
#1849=CARTESIAN_POINT('',(-25.,7.15000000000001,39.0999727668926));
#1850=CARTESIAN_POINT('Ctrl Pts',(-25.,7.15000000000001,39.0999727668926));
#1851=CARTESIAN_POINT('Ctrl Pts',(-25.0461718527625,7.15000000000001,39.0075536719972));
#1852=CARTESIAN_POINT('Ctrl Pts',(-25.093500770058,7.14646236461852,38.9179650031201));
#1853=CARTESIAN_POINT('Ctrl Pts',(-25.250011338595,7.12150047298493,38.6406339648036));
#1854=CARTESIAN_POINT('Ctrl Pts',(-25.390873963452,7.07899963289175,38.4200623514991));
#1855=CARTESIAN_POINT('Ctrl Pts',(-25.5645514750786,6.95215969097037,38.2498921065064));
#1856=CARTESIAN_POINT('Ctrl Pts',(-25.6022950854778,6.92079621383439,38.2180832437863));
#1857=CARTESIAN_POINT('Ctrl Pts',(-25.6758346462267,6.84663598905984,38.1737477343159));
#1858=CARTESIAN_POINT('Ctrl Pts',(-25.7116057131453,6.80358597457592,38.1616046487429));
#1859=CARTESIAN_POINT('Ctrl Pts',(-25.7719641592147,6.71573754316801,38.1616046487429));
#1860=CARTESIAN_POINT('Ctrl Pts',(-25.7993219334579,6.66690696704999,38.173747734316));
#1861=CARTESIAN_POINT('Ctrl Pts',(-25.842175577137,6.5716632210234,38.2180832437863));
#1862=CARTESIAN_POINT('Ctrl Pts',(-25.8579167900462,6.52518245037389,38.2498921065064));
#1863=CARTESIAN_POINT('Ctrl Pts',(-25.8916169326494,6.40050319321123,38.3520856008698));
#1864=CARTESIAN_POINT('Ctrl Pts',(-25.9000000002565,6.3215048829457,38.4425147783639));
#1865=CARTESIAN_POINT('Ctrl Pts',(-25.9,6.24999999677141,38.5396674614527));
#1866=CARTESIAN_POINT('Ctrl Pts',(-25.,7.15,39.0999727668926));
#1867=CARTESIAN_POINT('Ctrl Pts',(-23.3536643504356,7.15,42.3953322017696));
#1868=CARTESIAN_POINT('Ctrl Pts',(-21.9189500386505,7.15,44.9999999999487));
#1869=CARTESIAN_POINT('Ctrl Pts',(-25.9000002113019,-0.294723160233625,
45.));
#1870=CARTESIAN_POINT('Ctrl Pts',(-26.1655500316005,-1.45991435053231,45.));
#1871=CARTESIAN_POINT('Ctrl Pts',(-26.3,-2.65493212870136,45.));
#1872=CARTESIAN_POINT('Ctrl Pts',(-26.3,-3.85,45.));
#1873=CARTESIAN_POINT('Ctrl Pts',(-25.15339065526,-0.464877238886859,46.9143834511004));
#1874=CARTESIAN_POINT('Ctrl Pts',(-25.406231371023,-1.57430286088365,46.9143834511004));
#1875=CARTESIAN_POINT('Ctrl Pts',(-25.5342466195598,-2.71212758259526,46.9143834511004));
#1876=CARTESIAN_POINT('Ctrl Pts',(-25.5342466195598,-3.85,46.9143834511004));
#1877=CARTESIAN_POINT('Ctrl Pts',(-24.406781099218,-0.635031317540093,48.8287669022009));
#1878=CARTESIAN_POINT('Ctrl Pts',(-24.6469127104454,-1.68869137123499,48.8287669022009));
#1879=CARTESIAN_POINT('Ctrl Pts',(-24.7684932391197,-2.76932303648915,48.8287669022009));
#1880=CARTESIAN_POINT('Ctrl Pts',(-24.7684932391197,-3.85,48.8287669022009));
#1881=CARTESIAN_POINT('Ctrl Pts',(-23.660171543176,-0.805185396193327,50.7431503533013));
#1882=CARTESIAN_POINT('Ctrl Pts',(-23.8875940498679,-1.80307988158633,50.7431503533013));
#1883=CARTESIAN_POINT('Ctrl Pts',(-24.0027398586795,-2.82651849038305,50.7431503533013));
#1884=CARTESIAN_POINT('Ctrl Pts',(-24.0027398586795,-3.85,50.7431503533013));
#1885=CARTESIAN_POINT('',(-25.9000003260871,-3.85,45.9999991847823));
#1886=CARTESIAN_POINT('',(-20.3,-3.85,60.));
#1887=CARTESIAN_POINT('Ctrl Pts',(-25.9000003260863,-3.84999999999931,45.9999991847843));
#1888=CARTESIAN_POINT('Ctrl Pts',(-25.900000120155,-3.78543348737203,45.9999996996124));
#1889=CARTESIAN_POINT('Ctrl Pts',(-25.899998656965,-3.72069868150885,45.9989970811812));
#1890=CARTESIAN_POINT('Ctrl Pts',(-25.8999958316959,-3.65579148237086,45.9969771133051));
#1891=CARTESIAN_POINT('Ctrl Pts',(-25.8999858981703,-3.42758053539422,45.9898749923081));
#1892=CARTESIAN_POINT('Ctrl Pts',(-25.8999642618721,-3.20139356140371,45.9703159230418));
#1893=CARTESIAN_POINT('Ctrl Pts',(-25.8999454100867,-2.97709404739859,45.9389855454732));
#1894=CARTESIAN_POINT('Ctrl Pts',(-25.8999266082464,-2.75338878285231,45.9077381732556));
#1895=CARTESIAN_POINT('Ctrl Pts',(-25.899909994611,-2.53156089899596,45.8647817829049));
#1896=CARTESIAN_POINT('Ctrl Pts',(-25.8999024763063,-2.31152617917884,45.810796579298));
#1897=CARTESIAN_POINT('Ctrl Pts',(-25.8998987137126,-2.20140810245191,45.7837792667672));
#1898=CARTESIAN_POINT('Ctrl Pts',(-25.8998971667753,-2.09173994941036,45.7539997003767));
#1899=CARTESIAN_POINT('Ctrl Pts',(-25.8998986896676,-1.98251607448056,45.7215431394631));
#1900=CARTESIAN_POINT('Ctrl Pts',(-25.8999013669861,-1.79049521163175,45.6644829332057));
#1901=CARTESIAN_POINT('Ctrl Pts',(-25.8999177610846,-1.60116545209811,45.5995308888143));
#1902=CARTESIAN_POINT('Ctrl Pts',(-25.899935388945,-1.41455067966777,45.5275586254277));
#1903=CARTESIAN_POINT('Ctrl Pts',(-25.8999535763634,-1.22201222852878,45.4533017596021));
#1904=CARTESIAN_POINT('Ctrl Pts',(-25.8999726156707,-1.03236378598273,45.3715719180992));
#1905=CARTESIAN_POINT('Ctrl Pts',(-25.8999843650851,-0.845688830746495,
45.2833263856257));
#1906=CARTESIAN_POINT('Ctrl Pts',(-25.8999961144995,-0.659013875510265,
45.1950808531522));
#1907=CARTESIAN_POINT('Ctrl Pts',(-25.9000002171324,-0.475312675487603,
45.1003196297081));
#1908=CARTESIAN_POINT('Ctrl Pts',(-25.9000002113019,-0.294723160233625,
45.));
#1909=CARTESIAN_POINT('Origin',(24.9999999992251,-6.65,82.));
#1910=CARTESIAN_POINT('',(24.9999999992251,-6.65,82.));
#1911=CARTESIAN_POINT('',(24.9999999992251,-6.65,82.));
#1912=CARTESIAN_POINT('',(-25.0000000007749,-6.65000038743019,82.));
#1913=CARTESIAN_POINT('',(12.4999999294877,-6.65000009685755,82.));
#1914=CARTESIAN_POINT('',(-25.0000000007749,-6.65000038743019,48.2499999980628));
#1915=CARTESIAN_POINT('',(-25.0000000007749,-6.65000038743019,60.));
#1916=CARTESIAN_POINT('',(-14.8827586181513,-6.6500003090357,73.5431034546217));
#1917=CARTESIAN_POINT('Origin',(0.,-6.6500001937151,60.));
#1918=CARTESIAN_POINT('Origin',(-23.3,-1.80000009685755,52.5));
#1919=CARTESIAN_POINT('',(-25.9000003874302,-5.75,45.9999990314245));
#1920=CARTESIAN_POINT('Origin',(-25.,-5.75,48.25));
#1921=CARTESIAN_POINT('',(-25.9000003236656,-3.77499829127136,45.9999991908361));
#1922=CARTESIAN_POINT('Origin',(-25.,7.15,82.));
#1923=CARTESIAN_POINT('',(-25.,7.15000000000001,82.));
#1924=CARTESIAN_POINT('',(-25.,7.15000000000001,60.));
#1925=CARTESIAN_POINT('',(25.,7.15,82.));
#1926=CARTESIAN_POINT('',(-12.5000000968575,7.15,82.));
#1927=CARTESIAN_POINT('',(25.,7.15,60.));
#1928=CARTESIAN_POINT('Origin',(-25.9000003874302,-5.75,82.));
#1929=CARTESIAN_POINT('',(-25.9000003874302,-5.75,82.));
#1930=CARTESIAN_POINT('',(-25.9000003874302,-5.75,60.));
#1931=CARTESIAN_POINT('',(-25.9,6.24999999677142,82.));
#1932=CARTESIAN_POINT('',(-25.9000002905726,-2.74999968037009,82.));
#1933=CARTESIAN_POINT('',(-25.9,6.24999999677142,60.));
#1934=CARTESIAN_POINT('Origin',(25.9,6.25,82.));
#1935=CARTESIAN_POINT('',(25.9,6.25,82.));
#1936=CARTESIAN_POINT('',(25.9,6.25,82.));
#1937=CARTESIAN_POINT('',(25.9,-5.75,82.));
#1938=CARTESIAN_POINT('',(25.9,3.24999990314245,82.));
#1939=CARTESIAN_POINT('',(25.9,-5.75,82.));
#1940=CARTESIAN_POINT('Origin',(25.,-5.75,82.));
#1941=CARTESIAN_POINT('Origin',(25.,-5.75,82.));
#1942=CARTESIAN_POINT('Origin',(-25.,6.25000000000001,82.));
#1943=CARTESIAN_POINT('Origin',(-25.,6.25000000000001,82.));
#1944=CARTESIAN_POINT('Origin',(-25.,-5.75,82.));
#1945=CARTESIAN_POINT('Origin',(-25.,-5.75,82.));
#1946=CARTESIAN_POINT('Origin',(0.,-8.25,60.));
#1947=CARTESIAN_POINT('Origin',(0.,-3.85,60.));
#1948=CARTESIAN_POINT('Origin',(0.,-3.85,60.));
#1949=CARTESIAN_POINT('Origin',(25.,6.25,82.));
#1950=CARTESIAN_POINT('Origin',(25.,6.25,82.));
#1951=CARTESIAN_POINT('Origin',(25.,-6.75,87.));
#1952=CARTESIAN_POINT('',(25.,-6.75,82.1));
#1953=CARTESIAN_POINT('',(-25.,-6.75000038743019,82.1));
#1954=CARTESIAN_POINT('',(12.4999999302626,-6.75000009685755,82.1));
#1955=CARTESIAN_POINT('',(25.,-6.75,85.));
#1956=CARTESIAN_POINT('',(25.,-6.75,87.));
#1957=CARTESIAN_POINT('',(-25.,-6.75000038743019,85.));
#1958=CARTESIAN_POINT('',(25.,-6.75,85.));
#1959=CARTESIAN_POINT('',(-25.,-6.75000038743019,87.));
#1960=CARTESIAN_POINT('Origin',(12.4999999298751,-6.70000009685755,82.05));
#1961=CARTESIAN_POINT('',(-25.,-6.75000038743019,82.1));
#1962=CARTESIAN_POINT('',(24.9999999992251,-6.65,82.));
#1963=CARTESIAN_POINT('Origin',(-27.7,3.125,85.7));
#1964=CARTESIAN_POINT('',(-28.,-6.25,85.7));
#1965=CARTESIAN_POINT('',(-27.7,-6.25,86.));
#1966=CARTESIAN_POINT('Origin',(-27.7,-6.25,85.7));
#1967=CARTESIAN_POINT('',(-27.7,6.25,86.));
#1968=CARTESIAN_POINT('',(-27.7,3.125,86.));
#1969=CARTESIAN_POINT('',(-28.,6.25,85.7));
#1970=CARTESIAN_POINT('Origin',(-27.7,6.25,85.7));
#1971=CARTESIAN_POINT('',(-28.,3.125,85.7));
#1972=CARTESIAN_POINT('Origin',(-26.,6.25,85.7));
#1973=CARTESIAN_POINT('',(-26.,7.95,86.));
#1974=CARTESIAN_POINT('',(-26.,8.25,85.7));
#1975=CARTESIAN_POINT('Origin',(-26.,7.95,85.7));
#1976=CARTESIAN_POINT('Origin',(-26.,6.25,85.7));
#1977=CARTESIAN_POINT('Origin',(-26.,6.25,86.));
#1978=CARTESIAN_POINT('Origin',(13.,7.95,85.7));
#1979=CARTESIAN_POINT('',(26.,7.95,86.));
#1980=CARTESIAN_POINT('',(26.,8.25,85.7));
#1981=CARTESIAN_POINT('Origin',(26.,7.95,85.7));
#1982=CARTESIAN_POINT('',(13.,8.25,85.7));
#1983=CARTESIAN_POINT('',(13.,7.95,86.));
#1984=CARTESIAN_POINT('Origin',(26.,6.25,85.7));
#1985=CARTESIAN_POINT('',(27.7,6.25,86.));
#1986=CARTESIAN_POINT('',(28.,6.25,85.7));
#1987=CARTESIAN_POINT('Origin',(27.7,6.25,85.7));
#1988=CARTESIAN_POINT('Origin',(26.,6.25,85.7));
#1989=CARTESIAN_POINT('Origin',(26.,6.25,86.));
#1990=CARTESIAN_POINT('Origin',(27.7,-3.125,85.7));
#1991=CARTESIAN_POINT('',(27.7,-6.25,86.));
#1992=CARTESIAN_POINT('',(28.,-6.25,85.7));
#1993=CARTESIAN_POINT('Origin',(27.7,-6.25,85.7));
#1994=CARTESIAN_POINT('',(28.,-3.125,85.7));
#1995=CARTESIAN_POINT('',(27.7,-3.125,86.));
#1996=CARTESIAN_POINT('Origin',(26.,-6.25,85.7));
#1997=CARTESIAN_POINT('',(26.,-7.95,86.));
#1998=CARTESIAN_POINT('',(26.,-8.25,85.7));
#1999=CARTESIAN_POINT('Origin',(26.,-7.95,85.7));
#2000=CARTESIAN_POINT('Origin',(26.,-6.25,85.7));
#2001=CARTESIAN_POINT('Origin',(26.,-6.25,86.));
#2002=CARTESIAN_POINT('Origin',(-13.,-7.95,85.7));
#2003=CARTESIAN_POINT('',(-26.,-7.95,86.));
#2004=CARTESIAN_POINT('',(-26.,-8.25,85.7));
#2005=CARTESIAN_POINT('Origin',(-26.,-7.95,85.7));
#2006=CARTESIAN_POINT('',(-13.,-8.25,85.7));
#2007=CARTESIAN_POINT('',(-13.,-7.95,86.));
#2008=CARTESIAN_POINT('Origin',(-26.,-6.25,85.7));
#2009=CARTESIAN_POINT('Origin',(-26.,-6.25,85.7));
#2010=CARTESIAN_POINT('Origin',(-26.,-6.25,86.));
#2011=CARTESIAN_POINT('Origin',(26.,-6.25,85.));
#2012=CARTESIAN_POINT('',(26.,-8.25,85.));
#2013=CARTESIAN_POINT('',(26.,-8.25,85.));
#2014=CARTESIAN_POINT('',(28.,-6.25,85.));
#2015=CARTESIAN_POINT('Origin',(26.,-6.25,85.));
#2016=CARTESIAN_POINT('',(28.,-6.25,85.));
#2017=CARTESIAN_POINT('Origin',(-26.,-8.25,85.));
#2018=CARTESIAN_POINT('',(-26.,-8.25,85.));
#2019=CARTESIAN_POINT('',(-26.,-8.25,85.));
#2020=CARTESIAN_POINT('',(-26.,-8.25,85.));
#2021=CARTESIAN_POINT('Origin',(-26.,-6.25,85.));
#2022=CARTESIAN_POINT('',(-28.,-6.25,85.));
#2023=CARTESIAN_POINT('',(-28.,-6.25,85.));
#2024=CARTESIAN_POINT('Origin',(-26.,-6.25,85.));
#2025=CARTESIAN_POINT('Origin',(-28.,6.25,85.));
#2026=CARTESIAN_POINT('',(-28.,6.25,85.));
#2027=CARTESIAN_POINT('',(-28.,6.25,85.));
#2028=CARTESIAN_POINT('',(-28.,6.25,85.));
#2029=CARTESIAN_POINT('Origin',(0.,0.,86.));
#2030=CARTESIAN_POINT('Origin',(-25.,-5.75,82.05));
#2031=CARTESIAN_POINT('',(-26.0000003874302,-5.75,82.1));
#2032=CARTESIAN_POINT('',(-26.0000003874302,-5.75,82.1));
#2033=CARTESIAN_POINT('Origin',(-25.,-5.75,82.1));
#2034=CARTESIAN_POINT('Origin',(-25.9500002905726,-2.7499996787558,82.05));
#2035=CARTESIAN_POINT('',(-26.,6.25,82.1));
#2036=CARTESIAN_POINT('',(-26.,6.25,82.1));
#2037=CARTESIAN_POINT('',(-26.0000002905726,-2.74999967714151,82.1));
#2038=CARTESIAN_POINT('Origin',(-25.,6.25000000000001,82.05));
#2039=CARTESIAN_POINT('',(-25.,7.25,82.1));
#2040=CARTESIAN_POINT('',(-25.,7.25,82.1));
#2041=CARTESIAN_POINT('Origin',(-25.,6.25000000000001,82.1));
#2042=CARTESIAN_POINT('Origin',(-12.5000000968575,7.2,82.05));
#2043=CARTESIAN_POINT('',(25.,7.25,82.1));
#2044=CARTESIAN_POINT('',(25.,7.25,82.1));
#2045=CARTESIAN_POINT('',(-12.5000000968575,7.25,82.1));
#2046=CARTESIAN_POINT('Origin',(25.,6.25,82.05));
#2047=CARTESIAN_POINT('',(26.,6.25,82.1));
#2048=CARTESIAN_POINT('',(26.,6.25,82.1));
#2049=CARTESIAN_POINT('Origin',(25.,6.25,82.1));
#2050=CARTESIAN_POINT('Origin',(25.95,3.24999990314245,82.05));
#2051=CARTESIAN_POINT('',(26.,-5.75,82.1));
#2052=CARTESIAN_POINT('',(26.,-5.75,82.1));
#2053=CARTESIAN_POINT('',(26.,3.24999990314245,82.1));
#2054=CARTESIAN_POINT('Origin',(25.,-5.75,82.05));
#2055=CARTESIAN_POINT('Origin',(25.,-5.75,82.1));
#2056=CARTESIAN_POINT('Origin',(-25.,6.25000000000001,87.));
#2057=CARTESIAN_POINT('',(-26.,6.25,85.));
#2058=CARTESIAN_POINT('',(-26.,6.25,87.));
#2059=CARTESIAN_POINT('',(-25.,7.25,85.));
#2060=CARTESIAN_POINT('Origin',(-25.,6.25,85.));
#2061=CARTESIAN_POINT('',(-25.,7.25,87.));
#2062=CARTESIAN_POINT('Origin',(-26.0000003874302,-5.75,87.));
#2063=CARTESIAN_POINT('',(-26.0000003874302,-5.75,85.));
#2064=CARTESIAN_POINT('',(-26.0000003874302,-5.75,87.));
#2065=CARTESIAN_POINT('',(-26.0000003874302,-5.75,85.));
#2066=CARTESIAN_POINT('Origin',(-25.,-5.75,87.));
#2067=CARTESIAN_POINT('Origin',(-25.,-5.75,85.));
#2068=CARTESIAN_POINT('Origin',(-26.,6.25,85.));
#2069=CARTESIAN_POINT('',(-26.,8.25,85.));
#2070=CARTESIAN_POINT('',(-26.,8.25,85.));
#2071=CARTESIAN_POINT('Origin',(-26.,6.25,85.));
#2072=CARTESIAN_POINT('Origin',(26.,8.25,85.));
#2073=CARTESIAN_POINT('',(26.,8.25,85.));
#2074=CARTESIAN_POINT('',(26.,8.25,85.));
#2075=CARTESIAN_POINT('',(26.,8.25,85.));
#2076=CARTESIAN_POINT('Origin',(26.,6.25,85.));
#2077=CARTESIAN_POINT('',(28.,6.25,85.));
#2078=CARTESIAN_POINT('',(28.,6.25,85.));
#2079=CARTESIAN_POINT('Origin',(26.,6.25,85.));
#2080=CARTESIAN_POINT('Origin',(28.,-6.25,85.));
#2081=CARTESIAN_POINT('',(28.,-6.25,85.));
#2082=CARTESIAN_POINT('Origin',(-25.,7.25,87.));
#2083=CARTESIAN_POINT('',(25.,7.25,85.));
#2084=CARTESIAN_POINT('',(-25.,7.25,85.));
#2085=CARTESIAN_POINT('',(25.,7.25,87.));
#2086=CARTESIAN_POINT('Origin',(25.,6.25,87.));
#2087=CARTESIAN_POINT('',(26.,6.25,85.));
#2088=CARTESIAN_POINT('Origin',(25.,6.25,85.));
#2089=CARTESIAN_POINT('',(26.,6.25,87.));
#2090=CARTESIAN_POINT('Origin',(26.,6.25,87.));
#2091=CARTESIAN_POINT('',(26.,-5.75,85.));
#2092=CARTESIAN_POINT('',(26.,6.25,85.));
#2093=CARTESIAN_POINT('',(26.,-5.75,87.));
#2094=CARTESIAN_POINT('Origin',(25.,-5.75,87.));
#2095=CARTESIAN_POINT('Origin',(25.,-5.75,85.));
#2096=CARTESIAN_POINT('Origin',(0.,0.,85.));
#2097=UNCERTAINTY_MEASURE_WITH_UNIT(LENGTH_MEASURE(0.01),#2101,
'DISTANCE_ACCURACY_VALUE',
'Maximum model space distance between geometric entities at asserted c
onnectivities');
#2098=UNCERTAINTY_MEASURE_WITH_UNIT(LENGTH_MEASURE(0.01),#2101,
'DISTANCE_ACCURACY_VALUE',
'Maximum model space distance between geometric entities at asserted c
onnectivities');
#2099=(
GEOMETRIC_REPRESENTATION_CONTEXT(3)
GLOBAL_UNCERTAINTY_ASSIGNED_CONTEXT((#2097))
GLOBAL_UNIT_ASSIGNED_CONTEXT((#2101,#2103,#2104))
REPRESENTATION_CONTEXT('','3D')
);
#2100=(
GEOMETRIC_REPRESENTATION_CONTEXT(3)
GLOBAL_UNCERTAINTY_ASSIGNED_CONTEXT((#2098))
GLOBAL_UNIT_ASSIGNED_CONTEXT((#2101,#2103,#2104))
REPRESENTATION_CONTEXT('','3D')
);
#2101=(
LENGTH_UNIT()
NAMED_UNIT(*)
SI_UNIT(.MILLI.,.METRE.)
);
#2102=(
LENGTH_UNIT()
NAMED_UNIT(*)
SI_UNIT($,.METRE.)
);
#2103=(
NAMED_UNIT(*)
PLANE_ANGLE_UNIT()
SI_UNIT($,.RADIAN.)
);
#2104=(
NAMED_UNIT(*)
SI_UNIT($,.STERADIAN.)
SOLID_ANGLE_UNIT()
);
#2105=SHAPE_DEFINITION_REPRESENTATION(#2106,#2107);
#2106=PRODUCT_DEFINITION_SHAPE('',$,#2109);
#2107=SHAPE_REPRESENTATION('',(#1023),#2099);
#2108=PRODUCT_DEFINITION_CONTEXT('part definition',#2113,'design');
#2109=PRODUCT_DEFINITION('Tesla A2 FAN','Tesla A2 FAN v2',#2110,#2108);
#2110=PRODUCT_DEFINITION_FORMATION('',$,#2115);
#2111=PRODUCT_RELATED_PRODUCT_CATEGORY('Tesla A2 FAN v2',
'Tesla A2 FAN v2',(#2115));
#2112=APPLICATION_PROTOCOL_DEFINITION('international standard',
'automotive_design',2009,#2113);
#2113=APPLICATION_CONTEXT(
'Core Data for Automotive Mechanical Design Process');
#2114=PRODUCT_CONTEXT('part definition',#2113,'mechanical');
#2115=PRODUCT('Tesla A2 FAN','Tesla A2 FAN v2',$,(#2114));
#2116=PRESENTATION_STYLE_ASSIGNMENT((#2117));
#2117=SURFACE_STYLE_USAGE(.BOTH.,#2118);
#2118=SURFACE_SIDE_STYLE('',(#2119));
#2119=SURFACE_STYLE_FILL_AREA(#2120);
#2120=FILL_AREA_STYLE('Steel - Satin',(#2121));
#2121=FILL_AREA_STYLE_COLOUR('Steel - Satin',#2122);
#2122=COLOUR_RGB('Steel - Satin',0.627450980392157,0.627450980392157,0.627450980392157);
ENDSEC;
END-ISO-10303-21;
